run_at,station,base_time,horizon_h,target_time,y_pred,persistence_pred,algorithm,warmup,pm25_pred,pm25_persistence,ox_pred,ox_persistence,algorithm_pm25,algorithm_ox,y_true_pm25,y_true_ox,error,abs_error,baseline_error,baseline_abs_error,pred_band,true_band,band_hit,ox_error,ox_abs_error,ox_baseline_error,ox_baseline_abs_error,y_true
2026-09-24 18:30:30,桃園,2026-09-24 18:00:00,1,2026-09-24 19:00:00,,,,False,10.45,9.0,38.51,41.0,RandomForestRegressor,HistGradientBoostingRegressor,16.0,41.0,-5.550000000000001,5.550000000000001,-7.0,7.0,良好,普通,0.0,-2.490000000000002,2.490000000000002,0.0,0.0,16.0
2026-09-24 19:30:03,桃園,2026-09-24 19:00:00,1,2026-09-24 20:00:00,,,,False,13.61,16.0,38.86,41.0,RandomForestRegressor,HistGradientBoostingRegressor,16.0,40.0,-2.3900000000000006,2.3900000000000006,0.0,0.0,良好,普通,0.0,-1.1400000000000006,1.1400000000000006,1.0,1.0,16.0
2026-09-24 20:36:45,桃園,2026-09-24 20:00:00,1,2026-09-24 21:00:00,,,,False,14.86,16.0,38.11,40.0,RandomForestRegressor,HistGradientBoostingRegressor,11.0,40.0,3.8599999999999994,3.8599999999999994,5.0,5.0,良好,良好,1.0,-1.8900000000000006,1.8900000000000006,0.0,0.0,11.0
2026-09-24 18:30:30,桃園,2026-09-24 18:00:00,3,2026-09-24 21:00:00,,,,False,10.67,9.0,37.42,41.0,RandomForestRegressor,HistGradientBoostingRegressor,11.0,40.0,-0.33000000000000007,0.33000000000000007,-2.0,2.0,良好,良好,1.0,-2.5799999999999983,2.5799999999999983,1.0,1.0,11.0
2026-09-24 21:31:53,桃園,2026-09-24 21:00:00,1,2026-09-24 22:00:00,,,,False,12.41,11.0,38.16,40.0,RandomForestRegressor,HistGradientBoostingRegressor,11.0,38.0,1.4100000000000001,1.4100000000000001,0.0,0.0,良好,良好,1.0,0.1599999999999966,0.1599999999999966,2.0,2.0,11.0
2026-09-24 19:30:03,桃園,2026-09-24 19:00:00,3,2026-09-24 22:00:00,,,,False,13.33,16.0,32.93,41.0,RandomForestRegressor,HistGradientBoostingRegressor,11.0,38.0,2.33,2.33,5.0,5.0,良好,良好,1.0,-5.07,5.07,3.0,3.0,11.0
2026-09-24 22:32:09,桃園,2026-09-24 22:00:00,1,2026-09-24 23:00:00,,,,False,10.54,11.0,37.03,38.0,RandomForestRegressor,HistGradientBoostingRegressor,14.0,38.0,-3.460000000000001,3.460000000000001,-3.0,3.0,良好,良好,1.0,-0.9699999999999989,0.9699999999999989,0.0,0.0,14.0
2026-09-24 20:36:45,桃園,2026-09-24 20:00:00,3,2026-09-24 23:00:00,,,,False,13.4,16.0,34.64,40.0,RandomForestRegressor,HistGradientBoostingRegressor,14.0,38.0,-0.5999999999999996,0.5999999999999996,2.0,2.0,良好,良好,1.0,-3.3599999999999994,3.3599999999999994,2.0,2.0,14.0
2026-09-24 23:31:08,桃園,2026-09-24 23:00:00,1,2026-09-25 00:00:00,,,,False,12.57,14.0,37.22,38.0,RandomForestRegressor,HistGradientBoostingRegressor,12.0,37.0,0.5700000000000003,0.5700000000000003,2.0,2.0,良好,良好,1.0,0.21999999999999886,0.21999999999999886,1.0,1.0,12.0
2026-09-24 21:31:53,桃園,2026-09-24 21:00:00,3,2026-09-25 00:00:00,,,,False,11.84,11.0,34.54,40.0,RandomForestRegressor,HistGradientBoostingRegressor,12.0,37.0,-0.16000000000000014,0.16000000000000014,-1.0,1.0,良好,良好,1.0,-2.460000000000001,2.460000000000001,3.0,3.0,12.0
2026-09-25 00:31:44,桃園,2026-09-25 00:00:00,1,2026-09-25 01:00:00,,,,False,10.43,12.0,35.58,37.0,RandomForestRegressor,HistGradientBoostingRegressor,12.0,37.0,-1.5700000000000003,1.5700000000000003,0.0,0.0,良好,良好,1.0,-1.4200000000000017,1.4200000000000017,0.0,0.0,12.0
2026-09-24 22:32:09,桃園,2026-09-24 22:00:00,3,2026-09-25 01:00:00,,,,False,10.9,11.0,33.24,38.0,RandomForestRegressor,HistGradientBoostingRegressor,12.0,37.0,-1.0999999999999996,1.0999999999999996,-1.0,1.0,良好,良好,1.0,-3.759999999999998,3.759999999999998,1.0,1.0,12.0
2026-09-25 01:28:40,桃園,2026-09-25 01:00:00,1,2026-09-25 02:00:00,,,,False,10.76,12.0,35.36,37.0,RandomForestRegressor,HistGradientBoostingRegressor,11.0,33.0,-0.2400000000000002,0.2400000000000002,1.0,1.0,良好,良好,1.0,2.3599999999999994,2.3599999999999994,4.0,4.0,11.0
2026-09-24 23:31:08,桃園,2026-09-24 23:00:00,3,2026-09-25 02:00:00,,,,False,12.51,14.0,34.85,38.0,RandomForestRegressor,HistGradientBoostingRegressor,11.0,33.0,1.5099999999999998,1.5099999999999998,3.0,3.0,良好,良好,1.0,1.8500000000000014,1.8500000000000014,5.0,5.0,11.0
2026-09-25 02:33:24,桃園,2026-09-25 02:00:00,1,2026-09-25 03:00:00,,,,False,12.21,11.0,31.31,33.0,RandomForestRegressor,HistGradientBoostingRegressor,7.0,27.0,5.210000000000001,5.210000000000001,4.0,4.0,良好,良好,1.0,4.309999999999999,4.309999999999999,6.0,6.0,7.0
2026-09-25 00:31:44,桃園,2026-09-25 00:00:00,3,2026-09-25 03:00:00,,,,False,10.39,12.0,32.83,37.0,RandomForestRegressor,HistGradientBoostingRegressor,7.0,27.0,3.3900000000000006,3.3900000000000006,5.0,5.0,良好,良好,1.0,5.829999999999998,5.829999999999998,10.0,10.0,7.0
2026-09-25 03:28:10,桃園,2026-09-25 03:00:00,1,2026-09-25 04:00:00,,,,False,9.12,7.0,25.73,27.0,RandomForestRegressor,HistGradientBoostingRegressor,10.0,24.0,-0.8800000000000008,0.8800000000000008,-3.0,3.0,良好,良好,1.0,1.7300000000000004,1.7300000000000004,3.0,3.0,10.0
2026-09-25 01:28:40,桃園,2026-09-25 01:00:00,3,2026-09-25 04:00:00,,,,False,10.2,12.0,32.55,37.0,RandomForestRegressor,HistGradientBoostingRegressor,10.0,24.0,0.1999999999999993,0.1999999999999993,2.0,2.0,良好,良好,1.0,8.549999999999997,8.549999999999997,13.0,13.0,10.0
2026-09-25 04:31:01,桃園,2026-09-25 04:00:00,1,2026-09-25 05:00:00,,,,False,11.08,10.0,23.28,24.0,RandomForestRegressor,HistGradientBoostingRegressor,12.0,24.0,-0.9199999999999999,0.9199999999999999,-2.0,2.0,良好,良好,1.0,-0.7199999999999989,0.7199999999999989,0.0,0.0,12.0
2026-09-25 02:33:24,桃園,2026-09-25 02:00:00,3,2026-09-25 05:00:00,,,,False,12.36,11.0,29.75,33.0,RandomForestRegressor,HistGradientBoostingRegressor,12.0,24.0,0.35999999999999943,0.35999999999999943,-1.0,1.0,良好,良好,1.0,5.75,5.75,9.0,9.0,12.0
2026-09-25 05:28:12,桃園,2026-09-25 05:00:00,1,2026-09-25 06:00:00,,,,False,12.23,12.0,24.59,24.0,RandomForestRegressor,HistGradientBoostingRegressor,18.0,20.0,-5.77,5.77,-6.0,6.0,良好,普通,0.0,4.59,4.59,4.0,4.0,18.0
2026-09-25 03:28:10,桃園,2026-09-25 03:00:00,3,2026-09-25 06:00:00,,,,False,11.02,7.0,23.17,27.0,RandomForestRegressor,HistGradientBoostingRegressor,18.0,20.0,-6.98,6.98,-11.0,11.0,良好,普通,0.0,3.1700000000000017,3.1700000000000017,7.0,7.0,18.0
2026-09-25 06:29:02,桃園,2026-09-25 06:00:00,1,2026-09-25 07:00:00,,,,False,13.31,18.0,23.98,20.0,RandomForestRegressor,HistGradientBoostingRegressor,14.0,21.0,-0.6899999999999995,0.6899999999999995,4.0,4.0,良好,良好,1.0,2.9800000000000004,2.9800000000000004,-1.0,1.0,14.0
2026-09-25 04:31:01,桃園,2026-09-25 04:00:00,3,2026-09-25 07:00:00,,,,False,12.25,10.0,29.07,24.0,RandomForestRegressor,HistGradientBoostingRegressor,14.0,21.0,-1.75,1.75,-4.0,4.0,良好,良好,1.0,8.07,8.07,3.0,3.0,14.0
2026-09-25 07:27:38,桃園,2026-09-25 07:00:00,1,2026-09-25 08:00:00,,,,False,13.56,14.0,26.37,21.0,RandomForestRegressor,HistGradientBoostingRegressor,18.0,28.0,-4.4399999999999995,4.4399999999999995,-4.0,4.0,良好,普通,0.0,-1.629999999999999,1.629999999999999,-7.0,7.0,18.0
2026-09-25 05:28:12,桃園,2026-09-25 05:00:00,3,2026-09-25 08:00:00,,,,False,12.54,12.0,37.54,24.0,RandomForestRegressor,HistGradientBoostingRegressor,18.0,28.0,-5.460000000000001,5.460000000000001,-6.0,6.0,良好,普通,0.0,9.54,9.54,-4.0,4.0,18.0
2026-09-25 08:37:40,桃園,2026-09-25 08:00:00,1,2026-09-25 09:00:00,,,,False,14.54,18.0,35.38,28.0,RandomForestRegressor,HistGradientBoostingRegressor,11.0,37.0,3.539999999999999,3.539999999999999,7.0,7.0,良好,良好,1.0,-1.6199999999999974,1.6199999999999974,-9.0,9.0,11.0
2026-09-25 06:29:02,桃園,2026-09-25 06:00:00,3,2026-09-25 09:00:00,,,,False,12.82,18.0,38.72,20.0,RandomForestRegressor,HistGradientBoostingRegressor,11.0,37.0,1.8200000000000003,1.8200000000000003,7.0,7.0,良好,良好,1.0,1.7199999999999989,1.7199999999999989,-17.0,17.0,11.0
2026-09-25 09:27:39,桃園,2026-09-25 09:00:00,1,2026-09-25 10:00:00,,,,False,11.96,11.0,47.52,37.0,RandomForestRegressor,HistGradientBoostingRegressor,11.0,52.0,0.9600000000000009,0.9600000000000009,0.0,0.0,良好,良好,1.0,-4.479999999999997,4.479999999999997,-15.0,15.0,11.0
2026-09-25 07:27:38,桃園,2026-09-25 07:00:00,3,2026-09-25 10:00:00,,,,False,13.27,14.0,44.05,21.0,RandomForestRegressor,HistGradientBoostingRegressor,11.0,52.0,2.2699999999999996,2.2699999999999996,3.0,3.0,良好,良好,1.0,-7.950000000000003,7.950000000000003,-31.0,31.0,11.0
2026-09-25 10:29:29,桃園,2026-09-25 10:00:00,1,2026-09-25 11:00:00,,,,False,12.93,11.0,60.22,52.0,RandomForestRegressor,HistGradientBoostingRegressor,19.0,69.0,-6.07,6.07,-8.0,8.0,良好,普通,0.0,-8.780000000000001,8.780000000000001,-17.0,17.0,19.0
2026-09-25 08:37:40,桃園,2026-09-25 08:00:00,3,2026-09-25 11:00:00,,,,False,14.04,18.0,60.67,28.0,RandomForestRegressor,HistGradientBoostingRegressor,19.0,69.0,-4.960000000000001,4.960000000000001,-1.0,1.0,良好,普通,0.0,-8.329999999999998,8.329999999999998,-41.0,41.0,19.0
2026-09-25 11:29:21,桃園,2026-09-25 11:00:00,1,2026-09-25 12:00:00,,,,False,16.93,19.0,76.58,69.0,RandomForestRegressor,HistGradientBoostingRegressor,13.0,74.0,3.9299999999999997,3.9299999999999997,6.0,6.0,普通,良好,0.0,2.5799999999999983,2.5799999999999983,-5.0,5.0,13.0
2026-09-25 09:27:39,桃園,2026-09-25 09:00:00,3,2026-09-25 12:00:00,,,,False,11.71,11.0,61.13,37.0,RandomForestRegressor,HistGradientBoostingRegressor,13.0,74.0,-1.2899999999999991,1.2899999999999991,-2.0,2.0,良好,良好,1.0,-12.869999999999997,12.869999999999997,-37.0,37.0,13.0
2026-09-25 12:30:42,桃園,2026-09-25 12:00:00,1,2026-09-25 13:00:00,,,,False,15.24,13.0,69.64,74.0,RandomForestRegressor,HistGradientBoostingRegressor,18.0,72.0,-2.76,2.76,-5.0,5.0,良好,普通,0.0,-2.3599999999999994,2.3599999999999994,2.0,2.0,18.0
2026-09-25 10:29:29,桃園,2026-09-25 10:00:00,3,2026-09-25 13:00:00,,,,False,12.83,11.0,62.63,52.0,RandomForestRegressor,HistGradientBoostingRegressor,18.0,72.0,-5.17,5.17,-7.0,7.0,良好,普通,0.0,-9.369999999999997,9.369999999999997,-20.0,20.0,18.0
2026-09-25 13:29:06,桃園,2026-09-25 13:00:00,1,2026-09-25 14:00:00,,,,False,15.79,18.0,67.53,72.0,RandomForestRegressor,HistGradientBoostingRegressor,15.0,66.0,0.7899999999999991,0.7899999999999991,3.0,3.0,普通,良好,0.0,1.5300000000000011,1.5300000000000011,6.0,6.0,15.0
2026-09-25 11:29:21,桃園,2026-09-25 11:00:00,3,2026-09-25 14:00:00,,,,False,14.91,19.0,71.6,69.0,RandomForestRegressor,HistGradientBoostingRegressor,15.0,66.0,-0.08999999999999986,0.08999999999999986,4.0,4.0,良好,良好,1.0,5.599999999999994,5.599999999999994,3.0,3.0,15.0
2026-09-25 14:36:40,桃園,2026-09-25 14:00:00,1,2026-09-25 15:00:00,,,,False,15.11,15.0,61.43,66.0,RandomForestRegressor,HistGradientBoostingRegressor,17.0,64.0,-1.8900000000000006,1.8900000000000006,-2.0,2.0,良好,普通,0.0,-2.5700000000000003,2.5700000000000003,2.0,2.0,17.0
2026-09-25 12:30:42,桃園,2026-09-25 12:00:00,3,2026-09-25 15:00:00,,,,False,14.02,13.0,61.63,74.0,RandomForestRegressor,HistGradientBoostingRegressor,17.0,64.0,-2.9800000000000004,2.9800000000000004,-4.0,4.0,良好,普通,0.0,-2.3699999999999974,2.3699999999999974,10.0,10.0,17.0
2026-09-25 15:30:43,桃園,2026-09-25 15:00:00,1,2026-09-25 16:00:00,,,,False,15.35,17.0,58.74,64.0,RandomForestRegressor,HistGradientBoostingRegressor,19.0,66.0,-3.6500000000000004,3.6500000000000004,-2.0,2.0,良好,普通,0.0,-7.259999999999998,7.259999999999998,-2.0,2.0,19.0
2026-09-25 13:29:06,桃園,2026-09-25 13:00:00,3,2026-09-25 16:00:00,,,,False,14.37,18.0,58.16,72.0,RandomForestRegressor,HistGradientBoostingRegressor,19.0,66.0,-4.630000000000001,4.630000000000001,-1.0,1.0,良好,普通,0.0,-7.840000000000003,7.840000000000003,6.0,6.0,19.0
2026-09-25 16:32:11,桃園,2026-09-25 16:00:00,1,2026-09-25 17:00:00,,,,False,16.51,19.0,61.38,66.0,RandomForestRegressor,HistGradientBoostingRegressor,18.0,65.0,-1.4899999999999984,1.4899999999999984,1.0,1.0,普通,普通,1.0,-3.6199999999999974,3.6199999999999974,1.0,1.0,18.0
2026-09-25 14:36:40,桃園,2026-09-25 14:00:00,3,2026-09-25 17:00:00,,,,False,13.57,15.0,44.21,66.0,RandomForestRegressor,HistGradientBoostingRegressor,18.0,65.0,-4.43,4.43,-3.0,3.0,良好,普通,0.0,-20.79,20.79,1.0,1.0,18.0
2026-09-25 17:31:18,桃園,2026-09-25 17:00:00,1,2026-09-25 18:00:00,,,,False,16.04,18.0,60.48,65.0,RandomForestRegressor,HistGradientBoostingRegressor,18.0,58.0,-1.9600000000000009,1.9600000000000009,0.0,0.0,普通,普通,1.0,2.479999999999997,2.479999999999997,7.0,7.0,18.0
2026-09-25 15:30:43,桃園,2026-09-25 15:00:00,3,2026-09-25 18:00:00,,,,False,13.88,17.0,44.82,64.0,RandomForestRegressor,HistGradientBoostingRegressor,18.0,58.0,-4.119999999999999,4.119999999999999,-1.0,1.0,良好,普通,0.0,-13.18,13.18,6.0,6.0,18.0
2026-09-25 18:30:42,桃園,2026-09-25 18:00:00,1,2026-09-25 19:00:00,,,,False,15.51,18.0,52.8,58.0,RandomForestRegressor,HistGradientBoostingRegressor,23.0,49.0,-7.49,7.49,-5.0,5.0,普通,普通,1.0,3.799999999999997,3.799999999999997,9.0,9.0,23.0
2026-09-25 16:32:11,桃園,2026-09-25 16:00:00,3,2026-09-25 19:00:00,,,,False,15.67,19.0,45.62,66.0,RandomForestRegressor,HistGradientBoostingRegressor,23.0,49.0,-7.33,7.33,-4.0,4.0,普通,普通,1.0,-3.3800000000000026,3.3800000000000026,17.0,17.0,23.0
2026-09-25 19:30:00,桃園,2026-09-25 19:00:00,1,2026-09-25 20:00:00,,,,False,19.9,23.0,42.66,49.0,RandomForestRegressor,HistGradientBoostingRegressor,21.0,35.0,-1.1000000000000014,1.1000000000000014,2.0,2.0,普通,普通,1.0,7.659999999999997,7.659999999999997,14.0,14.0,21.0
2026-09-25 17:31:18,桃園,2026-09-25 17:00:00,3,2026-09-25 20:00:00,,,,False,15.59,18.0,43.76,65.0,RandomForestRegressor,HistGradientBoostingRegressor,21.0,35.0,-5.41,5.41,-3.0,3.0,普通,普通,1.0,8.759999999999998,8.759999999999998,30.0,30.0,21.0
2026-09-25 20:36:03,桃園,2026-09-25 20:00:00,1,2026-09-25 21:00:00,,,,False,19.42,21.0,32.84,35.0,RandomForestRegressor,HistGradientBoostingRegressor,18.0,32.0,1.4200000000000017,1.4200000000000017,3.0,3.0,普通,普通,1.0,0.8400000000000034,0.8400000000000034,3.0,3.0,18.0
2026-09-25 18:30:42,桃園,2026-09-25 18:00:00,3,2026-09-25 21:00:00,,,,False,16.39,18.0,36.65,58.0,RandomForestRegressor,HistGradientBoostingRegressor,18.0,32.0,-1.6099999999999994,1.6099999999999994,0.0,0.0,普通,普通,1.0,4.649999999999999,4.649999999999999,26.0,26.0,18.0
2026-09-25 21:31:27,桃園,2026-09-25 21:00:00,1,2026-09-25 22:00:00,,,,False,16.44,18.0,30.28,32.0,RandomForestRegressor,HistGradientBoostingRegressor,16.0,31.0,0.4400000000000013,0.4400000000000013,2.0,2.0,普通,普通,1.0,-0.7199999999999989,0.7199999999999989,1.0,1.0,16.0
2026-09-25 19:30:00,桃園,2026-09-25 19:00:00,3,2026-09-25 22:00:00,,,,False,17.79,23.0,29.82,49.0,RandomForestRegressor,HistGradientBoostingRegressor,16.0,31.0,1.7899999999999991,1.7899999999999991,7.0,7.0,普通,普通,1.0,-1.1799999999999997,1.1799999999999997,18.0,18.0,16.0
2026-09-25 22:31:55,桃園,2026-09-25 22:00:00,1,2026-09-25 23:00:00,,,,False,17.01,16.0,30.37,31.0,RandomForestRegressor,HistGradientBoostingRegressor,17.0,29.0,0.010000000000001563,0.010000000000001563,-1.0,1.0,普通,普通,1.0,1.370000000000001,1.370000000000001,2.0,2.0,17.0
2026-09-25 20:36:03,桃園,2026-09-25 20:00:00,3,2026-09-25 23:00:00,,,,False,18.18,21.0,28.05,35.0,RandomForestRegressor,HistGradientBoostingRegressor,17.0,29.0,1.1799999999999997,1.1799999999999997,4.0,4.0,普通,普通,1.0,-0.9499999999999993,0.9499999999999993,6.0,6.0,17.0
2026-09-25 23:30:44,桃園,2026-09-25 23:00:00,1,2026-09-26 00:00:00,,,,False,16.3,17.0,28.16,29.0,RandomForestRegressor,HistGradientBoostingRegressor,14.0,27.0,2.3000000000000007,2.3000000000000007,3.0,3.0,普通,良好,0.0,1.1600000000000001,1.1600000000000001,2.0,2.0,14.0
2026-09-25 21:31:27,桃園,2026-09-25 21:00:00,3,2026-09-26 00:00:00,,,,False,16.58,18.0,26.04,32.0,RandomForestRegressor,HistGradientBoostingRegressor,14.0,27.0,2.5799999999999983,2.5799999999999983,4.0,4.0,普通,良好,0.0,-0.9600000000000009,0.9600000000000009,5.0,5.0,14.0
2026-09-26 00:31:51,桃園,2026-09-26 00:00:00,1,2026-09-26 01:00:00,,,,False,15.8,14.0,25.52,27.0,RandomForestRegressor,HistGradientBoostingRegressor,23.0,26.0,-7.199999999999999,7.199999999999999,-9.0,9.0,普通,普通,1.0,-0.4800000000000004,0.4800000000000004,1.0,1.0,23.0
2026-09-25 22:31:55,桃園,2026-09-25 22:00:00,3,2026-09-26 01:00:00,,,,False,16.24,16.0,26.05,31.0,RandomForestRegressor,HistGradientBoostingRegressor,23.0,26.0,-6.760000000000002,6.760000000000002,-7.0,7.0,普通,普通,1.0,0.05000000000000071,0.05000000000000071,5.0,5.0,23.0
2026-09-26 01:29:31,桃園,2026-09-26 01:00:00,1,2026-09-26 02:00:00,,,,False,17.56,23.0,24.56,26.0,RandomForestRegressor,HistGradientBoostingRegressor,16.0,24.0,1.5599999999999987,1.5599999999999987,7.0,7.0,普通,普通,1.0,0.5599999999999987,0.5599999999999987,2.0,2.0,16.0
2026-09-25 23:30:44,桃園,2026-09-25 23:00:00,3,2026-09-26 02:00:00,,,,False,16.44,17.0,23.61,29.0,RandomForestRegressor,HistGradientBoostingRegressor,16.0,24.0,0.4400000000000013,0.4400000000000013,1.0,1.0,普通,普通,1.0,-0.39000000000000057,0.39000000000000057,5.0,5.0,16.0
2026-09-26 02:32:02,桃園,2026-09-26 02:00:00,1,2026-09-26 03:00:00,,,,False,13.6,16.0,23.29,24.0,RandomForestRegressor,HistGradientBoostingRegressor,12.0,23.0,1.5999999999999996,1.5999999999999996,4.0,4.0,良好,良好,1.0,0.28999999999999915,0.28999999999999915,1.0,1.0,12.0
2026-09-26 00:31:51,桃園,2026-09-26 00:00:00,3,2026-09-26 03:00:00,,,,False,17.02,14.0,21.13,27.0,RandomForestRegressor,HistGradientBoostingRegressor,12.0,23.0,5.02,5.02,2.0,2.0,普通,良好,0.0,-1.870000000000001,1.870000000000001,4.0,4.0,12.0
2026-09-26 03:27:47,桃園,2026-09-26 03:00:00,1,2026-09-26 04:00:00,,,,False,14.69,12.0,22.1,23.0,RandomForestRegressor,HistGradientBoostingRegressor,16.0,22.0,-1.3100000000000005,1.3100000000000005,-4.0,4.0,良好,普通,0.0,0.10000000000000142,0.10000000000000142,1.0,1.0,16.0
2026-09-26 01:29:31,桃園,2026-09-26 01:00:00,3,2026-09-26 04:00:00,,,,False,17.71,23.0,22.52,26.0,RandomForestRegressor,HistGradientBoostingRegressor,16.0,22.0,1.7100000000000009,1.7100000000000009,7.0,7.0,普通,普通,1.0,0.5199999999999996,0.5199999999999996,4.0,4.0,16.0
2026-09-26 04:29:07,桃園,2026-09-26 04:00:00,1,2026-09-26 05:00:00,,,,False,15.96,16.0,21.06,22.0,RandomForestRegressor,HistGradientBoostingRegressor,21.0,22.0,-5.039999999999999,5.039999999999999,-5.0,5.0,普通,普通,1.0,-0.9400000000000013,0.9400000000000013,0.0,0.0,21.0
2026-09-26 02:32:02,桃園,2026-09-26 02:00:00,3,2026-09-26 05:00:00,,,,False,13.54,16.0,23.47,24.0,RandomForestRegressor,HistGradientBoostingRegressor,21.0,22.0,-7.460000000000001,7.460000000000001,-5.0,5.0,良好,普通,0.0,1.4699999999999989,1.4699999999999989,2.0,2.0,21.0
2026-09-26 05:29:05,桃園,2026-09-26 05:00:00,1,2026-09-26 06:00:00,,,,False,16.67,21.0,24.54,22.0,RandomForestRegressor,HistGradientBoostingRegressor,17.0,,-0.3299999999999983,0.3299999999999983,4.0,4.0,普通,普通,1.0,,,,,17.0
2026-09-26 03:27:47,桃園,2026-09-26 03:00:00,3,2026-09-26 06:00:00,,,,False,14.05,12.0,21.66,23.0,RandomForestRegressor,HistGradientBoostingRegressor,17.0,,-2.9499999999999993,2.9499999999999993,-5.0,5.0,良好,普通,0.0,,,,,17.0
2026-09-26 06:29:02,桃園,2026-09-26 06:00:00,1,2026-09-26 07:00:00,,,,False,16.32,17.0,27.62,22.0,RandomForestRegressor,HistGradientBoostingRegressor,19.0,26.0,-2.6799999999999997,2.6799999999999997,-2.0,2.0,普通,普通,1.0,1.620000000000001,1.620000000000001,-4.0,4.0,19.0
2026-09-26 04:29:07,桃園,2026-09-26 04:00:00,3,2026-09-26 07:00:00,,,,False,14.92,16.0,28.37,22.0,RandomForestRegressor,HistGradientBoostingRegressor,19.0,26.0,-4.08,4.08,-3.0,3.0,良好,普通,0.0,2.370000000000001,2.370000000000001,-4.0,4.0,19.0
2026-09-26 07:27:08,桃園,2026-09-26 07:00:00,1,2026-09-26 08:00:00,,,,False,16.43,19.0,30.94,26.0,RandomForestRegressor,HistGradientBoostingRegressor,16.0,,0.4299999999999997,0.4299999999999997,3.0,3.0,普通,普通,1.0,,,,,16.0
2026-09-26 05:29:05,桃園,2026-09-26 05:00:00,3,2026-09-26 08:00:00,,,,False,16.77,21.0,36.97,22.0,RandomForestRegressor,HistGradientBoostingRegressor,16.0,,0.7699999999999996,0.7699999999999996,5.0,5.0,普通,普通,1.0,,,,,16.0
2026-09-26 08:35:59,桃園,2026-09-26 08:00:00,1,2026-09-26 09:00:00,,,,False,16.33,16.0,45.54,26.0,RandomForestRegressor,HistGradientBoostingRegressor,25.0,54.0,-8.670000000000002,8.670000000000002,-9.0,9.0,普通,普通,1.0,-8.46,8.46,-28.0,28.0,25.0
2026-09-26 06:29:02,桃園,2026-09-26 06:00:00,3,2026-09-26 09:00:00,,,,False,16.41,17.0,53.42,22.0,RandomForestRegressor,HistGradientBoostingRegressor,25.0,54.0,-8.59,8.59,-8.0,8.0,普通,普通,1.0,-0.5799999999999983,0.5799999999999983,-32.0,32.0,25.0
2026-09-26 09:27:49,桃園,2026-09-26 09:00:00,1,2026-09-26 10:00:00,,,,False,22.36,25.0,59.56,54.0,RandomForestRegressor,HistGradientBoostingRegressor,20.0,61.0,2.3599999999999994,2.3599999999999994,5.0,5.0,普通,普通,1.0,-1.4399999999999977,1.4399999999999977,-7.0,7.0,20.0
2026-09-26 07:27:08,桃園,2026-09-26 07:00:00,3,2026-09-26 10:00:00,,,,False,17.11,19.0,52.29,26.0,RandomForestRegressor,HistGradientBoostingRegressor,20.0,61.0,-2.8900000000000006,2.8900000000000006,-1.0,1.0,普通,普通,1.0,-8.71,8.71,-35.0,35.0,20.0
2026-09-26 10:29:00,桃園,2026-09-26 10:00:00,1,2026-09-26 11:00:00,,,,False,18.87,20.0,64.94,61.0,RandomForestRegressor,HistGradientBoostingRegressor,23.0,67.0,-4.129999999999999,4.129999999999999,-3.0,3.0,普通,普通,1.0,-2.0600000000000023,2.0600000000000023,-6.0,6.0,23.0
2026-09-26 08:35:59,桃園,2026-09-26 08:00:00,3,2026-09-26 11:00:00,,,,False,15.56,16.0,64.55,26.0,RandomForestRegressor,HistGradientBoostingRegressor,23.0,67.0,-7.4399999999999995,7.4399999999999995,-7.0,7.0,普通,普通,1.0,-2.450000000000003,2.450000000000003,-41.0,41.0,23.0
2026-09-26 11:29:20,桃園,2026-09-26 11:00:00,1,2026-09-26 12:00:00,,,,False,19.72,23.0,68.7,67.0,RandomForestRegressor,HistGradientBoostingRegressor,21.0,68.0,-1.2800000000000011,1.2800000000000011,2.0,2.0,普通,普通,1.0,0.7000000000000028,0.7000000000000028,-1.0,1.0,21.0
2026-09-26 09:27:49,桃園,2026-09-26 09:00:00,3,2026-09-26 12:00:00,,,,False,18.51,25.0,65.64,54.0,RandomForestRegressor,HistGradientBoostingRegressor,21.0,68.0,-2.4899999999999984,2.4899999999999984,4.0,4.0,普通,普通,1.0,-2.3599999999999994,2.3599999999999994,-14.0,14.0,21.0
2026-09-26 12:29:47,桃園,2026-09-26 12:00:00,1,2026-09-26 13:00:00,,,,False,18.09,21.0,65.97,68.0,RandomForestRegressor,HistGradientBoostingRegressor,18.0,71.0,0.08999999999999986,0.08999999999999986,3.0,3.0,普通,普通,1.0,-5.030000000000001,5.030000000000001,-3.0,3.0,18.0
2026-09-26 10:29:00,桃園,2026-09-26 10:00:00,3,2026-09-26 13:00:00,,,,False,16.49,20.0,63.09,61.0,RandomForestRegressor,HistGradientBoostingRegressor,18.0,71.0,-1.5100000000000016,1.5100000000000016,2.0,2.0,普通,普通,1.0,-7.909999999999997,7.909999999999997,-10.0,10.0,18.0
2026-09-26 13:28:13,桃園,2026-09-26 13:00:00,1,2026-09-26 14:00:00,,,,False,17.01,18.0,68.81,71.0,RandomForestRegressor,HistGradientBoostingRegressor,22.0,76.0,-4.989999999999998,4.989999999999998,-4.0,4.0,普通,普通,1.0,-7.189999999999998,7.189999999999998,-5.0,5.0,22.0
2026-09-26 11:29:20,桃園,2026-09-26 11:00:00,3,2026-09-26 14:00:00,,,,False,17.8,23.0,58.84,67.0,RandomForestRegressor,HistGradientBoostingRegressor,22.0,76.0,-4.199999999999999,4.199999999999999,1.0,1.0,普通,普通,1.0,-17.159999999999997,17.159999999999997,-9.0,9.0,22.0
2026-09-26 14:34:31,桃園,2026-09-26 14:00:00,1,2026-09-26 15:00:00,,,,False,18.78,22.0,71.28,76.0,RandomForestRegressor,HistGradientBoostingRegressor,18.0,73.0,0.7800000000000011,0.7800000000000011,4.0,4.0,普通,普通,1.0,-1.7199999999999989,1.7199999999999989,3.0,3.0,18.0
2026-09-26 12:29:47,桃園,2026-09-26 12:00:00,3,2026-09-26 15:00:00,,,,False,16.8,21.0,52.08,68.0,RandomForestRegressor,HistGradientBoostingRegressor,18.0,73.0,-1.1999999999999993,1.1999999999999993,3.0,3.0,普通,普通,1.0,-20.92,20.92,-5.0,5.0,18.0
2026-09-26 15:28:18,桃園,2026-09-26 15:00:00,1,2026-09-26 16:00:00,,,,False,16.5,18.0,66.3,73.0,RandomForestRegressor,HistGradientBoostingRegressor,18.0,65.0,-1.5,1.5,0.0,0.0,普通,普通,1.0,1.2999999999999972,1.2999999999999972,8.0,8.0,18.0
2026-09-26 13:28:13,桃園,2026-09-26 13:00:00,3,2026-09-26 16:00:00,,,,False,16.35,18.0,54.68,71.0,RandomForestRegressor,HistGradientBoostingRegressor,18.0,65.0,-1.6499999999999986,1.6499999999999986,0.0,0.0,普通,普通,1.0,-10.32,10.32,6.0,6.0,18.0
2026-09-26 16:30:23,桃園,2026-09-26 16:00:00,1,2026-09-26 17:00:00,,,,False,15.95,18.0,58.66,65.0,RandomForestRegressor,HistGradientBoostingRegressor,14.0,58.0,1.9499999999999993,1.9499999999999993,4.0,4.0,普通,良好,0.0,0.6599999999999966,0.6599999999999966,7.0,7.0,14.0
2026-09-26 14:34:31,桃園,2026-09-26 14:00:00,3,2026-09-26 17:00:00,,,,False,16.22,22.0,50.62,76.0,RandomForestRegressor,HistGradientBoostingRegressor,14.0,58.0,2.219999999999999,2.219999999999999,8.0,8.0,普通,良好,0.0,-7.380000000000003,7.380000000000003,18.0,18.0,14.0
2026-09-26 17:28:47,桃園,2026-09-26 17:00:00,1,2026-09-26 18:00:00,,,,False,14.73,14.0,53.19,58.0,RandomForestRegressor,HistGradientBoostingRegressor,14.0,60.0,0.7300000000000004,0.7300000000000004,0.0,0.0,良好,良好,1.0,-6.810000000000002,6.810000000000002,-2.0,2.0,14.0
2026-09-26 15:28:18,桃園,2026-09-26 15:00:00,3,2026-09-26 18:00:00,,,,False,15.64,18.0,45.4,73.0,RandomForestRegressor,HistGradientBoostingRegressor,14.0,60.0,1.6400000000000006,1.6400000000000006,4.0,4.0,普通,良好,0.0,-14.600000000000001,14.600000000000001,13.0,13.0,14.0
2026-09-26 18:28:25,桃園,2026-09-26 18:00:00,1,2026-09-26 19:00:00,,,,False,14.28,14.0,56.03,60.0,RandomForestRegressor,HistGradientBoostingRegressor,18.0,57.0,-3.7200000000000006,3.7200000000000006,-4.0,4.0,良好,普通,0.0,-0.9699999999999989,0.9699999999999989,3.0,3.0,18.0
2026-09-26 16:30:23,桃園,2026-09-26 16:00:00,3,2026-09-26 19:00:00,,,,False,16.04,18.0,45.99,65.0,RandomForestRegressor,HistGradientBoostingRegressor,18.0,57.0,-1.9600000000000009,1.9600000000000009,0.0,0.0,普通,普通,1.0,-11.009999999999998,11.009999999999998,8.0,8.0,18.0
2026-09-26 19:27:55,桃園,2026-09-26 19:00:00,1,2026-09-26 20:00:00,,,,False,17.22,18.0,53.27,57.0,RandomForestRegressor,HistGradientBoostingRegressor,33.0,53.0,-15.780000000000001,15.780000000000001,-15.0,15.0,普通,普通,1.0,0.2700000000000031,0.2700000000000031,4.0,4.0,33.0
2026-09-26 17:28:47,桃園,2026-09-26 17:00:00,3,2026-09-26 20:00:00,,,,False,15.16,14.0,39.04,58.0,RandomForestRegressor,HistGradientBoostingRegressor,33.0,53.0,-17.84,17.84,-19.0,19.0,良好,普通,0.0,-13.96,13.96,5.0,5.0,33.0
2026-09-26 20:33:37,桃園,2026-09-26 20:00:00,1,2026-09-26 21:00:00,,,,False,30.4,33.0,47.66,53.0,RandomForestRegressor,HistGradientBoostingRegressor,27.0,53.0,3.3999999999999986,3.3999999999999986,6.0,6.0,普通,普通,1.0,-5.340000000000003,5.340000000000003,0.0,0.0,27.0
2026-09-26 18:28:25,桃園,2026-09-26 18:00:00,3,2026-09-26 21:00:00,,,,False,15.29,14.0,46.7,60.0,RandomForestRegressor,HistGradientBoostingRegressor,27.0,53.0,-11.71,11.71,-13.0,13.0,良好,普通,0.0,-6.299999999999997,6.299999999999997,7.0,7.0,27.0
2026-09-26 21:27:31,桃園,2026-09-26 21:00:00,1,2026-09-26 22:00:00,,,,False,25.41,27.0,47.58,53.0,RandomForestRegressor,HistGradientBoostingRegressor,32.0,48.0,-6.59,6.59,-5.0,5.0,普通,普通,1.0,-0.4200000000000017,0.4200000000000017,5.0,5.0,32.0
2026-09-26 19:27:55,桃園,2026-09-26 19:00:00,3,2026-09-26 22:00:00,,,,False,17.54,18.0,39.98,57.0,RandomForestRegressor,HistGradientBoostingRegressor,32.0,48.0,-14.46,14.46,-14.0,14.0,普通,普通,1.0,-8.020000000000003,8.020000000000003,9.0,9.0,32.0
2026-09-26 22:29:06,桃園,2026-09-26 22:00:00,1,2026-09-26 23:00:00,,,,False,29.89,32.0,43.83,48.0,RandomForestRegressor,HistGradientBoostingRegressor,29.0,46.0,0.8900000000000006,0.8900000000000006,3.0,3.0,普通,普通,1.0,-2.1700000000000017,2.1700000000000017,2.0,2.0,29.0
2026-09-26 20:33:37,桃園,2026-09-26 20:00:00,3,2026-09-26 23:00:00,,,,False,24.55,33.0,35.75,53.0,RandomForestRegressor,HistGradientBoostingRegressor,29.0,46.0,-4.449999999999999,4.449999999999999,4.0,4.0,普通,普通,1.0,-10.25,10.25,7.0,7.0,29.0
2026-09-26 23:29:09,桃園,2026-09-26 23:00:00,1,2026-09-27 00:00:00,,,,False,28.11,29.0,42.6,46.0,RandomForestRegressor,HistGradientBoostingRegressor,32.0,43.0,-3.8900000000000006,3.8900000000000006,-3.0,3.0,普通,普通,1.0,-0.3999999999999986,0.3999999999999986,3.0,3.0,32.0
2026-09-26 21:27:31,桃園,2026-09-26 21:00:00,3,2026-09-27 00:00:00,,,,False,22.34,27.0,37.0,53.0,RandomForestRegressor,HistGradientBoostingRegressor,32.0,43.0,-9.66,9.66,-5.0,5.0,普通,普通,1.0,-6.0,6.0,10.0,10.0,32.0
2026-09-27 00:29:57,桃園,2026-09-27 00:00:00,1,2026-09-27 01:00:00,,,,False,30.75,32.0,39.84,43.0,RandomForestRegressor,HistGradientBoostingRegressor,36.0,36.0,-5.25,5.25,-4.0,4.0,普通,對敏感族群不健康,0.0,3.8400000000000034,3.8400000000000034,7.0,7.0,36.0
2026-09-26 22:29:06,桃園,2026-09-26 22:00:00,3,2026-09-27 01:00:00,,,,False,25.0,32.0,36.53,48.0,RandomForestRegressor,HistGradientBoostingRegressor,36.0,36.0,-11.0,11.0,-4.0,4.0,普通,對敏感族群不健康,0.0,0.5300000000000011,0.5300000000000011,12.0,12.0,36.0
2026-09-27 01:28:35,桃園,2026-09-27 01:00:00,1,2026-09-27 02:00:00,,,,False,32.07,36.0,34.36,36.0,RandomForestRegressor,HistGradientBoostingRegressor,26.0,36.0,6.07,6.07,10.0,10.0,普通,普通,1.0,-1.6400000000000006,1.6400000000000006,0.0,0.0,26.0
2026-09-26 23:29:09,桃園,2026-09-26 23:00:00,3,2026-09-27 02:00:00,,,,False,23.58,29.0,35.02,46.0,RandomForestRegressor,HistGradientBoostingRegressor,26.0,36.0,-2.4200000000000017,2.4200000000000017,3.0,3.0,普通,普通,1.0,-0.9799999999999969,0.9799999999999969,10.0,10.0,26.0
2026-09-27 02:32:23,桃園,2026-09-27 02:00:00,1,2026-09-27 03:00:00,,,,False,21.44,26.0,36.43,36.0,RandomForestRegressor,HistGradientBoostingRegressor,21.0,43.0,0.4400000000000013,0.4400000000000013,5.0,5.0,普通,普通,1.0,-6.57,6.57,-7.0,7.0,21.0
2026-09-27 00:29:57,桃園,2026-09-27 00:00:00,3,2026-09-27 03:00:00,,,,False,25.02,32.0,34.2,43.0,RandomForestRegressor,HistGradientBoostingRegressor,21.0,43.0,4.02,4.02,11.0,11.0,普通,普通,1.0,-8.799999999999997,8.799999999999997,0.0,0.0,21.0
2026-09-27 03:26:55,桃園,2026-09-27 03:00:00,1,2026-09-27 04:00:00,,,,False,19.97,21.0,39.42,43.0,RandomForestRegressor,HistGradientBoostingRegressor,18.0,38.0,1.9699999999999989,1.9699999999999989,3.0,3.0,普通,普通,1.0,1.4200000000000017,1.4200000000000017,5.0,5.0,18.0
2026-09-27 01:28:35,桃園,2026-09-27 01:00:00,3,2026-09-27 04:00:00,,,,False,23.82,36.0,28.23,36.0,RandomForestRegressor,HistGradientBoostingRegressor,18.0,38.0,5.82,5.82,18.0,18.0,普通,普通,1.0,-9.77,9.77,-2.0,2.0,18.0
2026-09-27 04:28:24,桃園,2026-09-27 04:00:00,1,2026-09-27 05:00:00,,,,False,19.26,18.0,35.33,38.0,RandomForestRegressor,HistGradientBoostingRegressor,18.0,35.0,1.2600000000000016,1.2600000000000016,0.0,0.0,普通,普通,1.0,0.3299999999999983,0.3299999999999983,3.0,3.0,18.0
2026-09-27 02:32:23,桃園,2026-09-27 02:00:00,3,2026-09-27 05:00:00,,,,False,19.74,26.0,32.23,36.0,RandomForestRegressor,HistGradientBoostingRegressor,18.0,35.0,1.7399999999999984,1.7399999999999984,8.0,8.0,普通,普通,1.0,-2.770000000000003,2.770000000000003,1.0,1.0,18.0
2026-09-27 05:28:45,桃園,2026-09-27 05:00:00,1,2026-09-27 06:00:00,,,,False,15.78,18.0,33.61,35.0,RandomForestRegressor,HistGradientBoostingRegressor,20.0,31.0,-4.220000000000001,4.220000000000001,-2.0,2.0,普通,普通,1.0,2.6099999999999994,2.6099999999999994,4.0,4.0,20.0
2026-09-27 03:26:55,桃園,2026-09-27 03:00:00,3,2026-09-27 06:00:00,,,,False,18.62,21.0,35.87,43.0,RandomForestRegressor,HistGradientBoostingRegressor,20.0,31.0,-1.379999999999999,1.379999999999999,1.0,1.0,普通,普通,1.0,4.869999999999997,4.869999999999997,12.0,12.0,20.0
2026-09-27 06:28:22,桃園,2026-09-27 06:00:00,1,2026-09-27 07:00:00,,,,False,18.45,20.0,34.73,31.0,RandomForestRegressor,HistGradientBoostingRegressor,22.0,33.0,-3.5500000000000007,3.5500000000000007,-2.0,2.0,普通,普通,1.0,1.7299999999999969,1.7299999999999969,-2.0,2.0,22.0
2026-09-27 04:28:24,桃園,2026-09-27 04:00:00,3,2026-09-27 07:00:00,,,,False,16.58,18.0,37.27,38.0,RandomForestRegressor,HistGradientBoostingRegressor,22.0,33.0,-5.420000000000002,5.420000000000002,-4.0,4.0,普通,普通,1.0,4.270000000000003,4.270000000000003,5.0,5.0,22.0
2026-09-27 07:27:36,桃園,2026-09-27 07:00:00,1,2026-09-27 08:00:00,,,,False,20.49,22.0,37.74,33.0,RandomForestRegressor,HistGradientBoostingRegressor,20.0,33.0,0.48999999999999844,0.48999999999999844,2.0,2.0,普通,普通,1.0,4.740000000000002,4.740000000000002,0.0,0.0,20.0
2026-09-27 05:28:45,桃園,2026-09-27 05:00:00,3,2026-09-27 08:00:00,,,,False,15.8,18.0,42.58,35.0,RandomForestRegressor,HistGradientBoostingRegressor,20.0,33.0,-4.199999999999999,4.199999999999999,-2.0,2.0,普通,普通,1.0,9.579999999999998,9.579999999999998,2.0,2.0,20.0
2026-09-27 08:38:28,桃園,2026-09-27 08:00:00,1,2026-09-27 09:00:00,,,,False,17.43,20.0,38.57,33.0,RandomForestRegressor,HistGradientBoostingRegressor,16.0,42.0,1.4299999999999997,1.4299999999999997,4.0,4.0,普通,普通,1.0,-3.4299999999999997,3.4299999999999997,-9.0,9.0,16.0
2026-09-27 06:28:22,桃園,2026-09-27 06:00:00,3,2026-09-27 09:00:00,,,,False,17.91,20.0,45.49,31.0,RandomForestRegressor,HistGradientBoostingRegressor,16.0,42.0,1.9100000000000001,1.9100000000000001,4.0,4.0,普通,普通,1.0,3.490000000000002,3.490000000000002,-11.0,11.0,16.0
2026-09-27 09:28:53,桃園,2026-09-27 09:00:00,1,2026-09-27 10:00:00,,,,False,14.99,16.0,49.39,42.0,RandomForestRegressor,HistGradientBoostingRegressor,12.0,49.0,2.99,2.99,4.0,4.0,良好,良好,1.0,0.39000000000000057,0.39000000000000057,-7.0,7.0,12.0
2026-09-27 07:27:36,桃園,2026-09-27 07:00:00,3,2026-09-27 10:00:00,,,,False,18.99,22.0,50.23,33.0,RandomForestRegressor,HistGradientBoostingRegressor,12.0,49.0,6.989999999999998,6.989999999999998,10.0,10.0,普通,良好,0.0,1.2299999999999969,1.2299999999999969,-16.0,16.0,12.0
2026-09-27 10:30:22,桃園,2026-09-27 10:00:00,1,2026-09-27 11:00:00,,,,False,12.93,12.0,52.48,49.0,RandomForestRegressor,HistGradientBoostingRegressor,13.0,59.0,-0.07000000000000028,0.07000000000000028,-1.0,1.0,良好,良好,1.0,-6.520000000000003,6.520000000000003,-10.0,10.0,13.0
2026-09-27 08:38:28,桃園,2026-09-27 08:00:00,3,2026-09-27 11:00:00,,,,False,17.95,20.0,58.34,33.0,RandomForestRegressor,HistGradientBoostingRegressor,13.0,59.0,4.949999999999999,4.949999999999999,7.0,7.0,普通,良好,0.0,-0.6599999999999966,0.6599999999999966,-26.0,26.0,13.0
2026-09-27 11:30:34,桃園,2026-09-27 11:00:00,1,2026-09-27 12:00:00,,,,False,12.78,13.0,60.9,59.0,RandomForestRegressor,HistGradientBoostingRegressor,11.0,58.0,1.7799999999999994,1.7799999999999994,2.0,2.0,良好,良好,1.0,2.8999999999999986,2.8999999999999986,1.0,1.0,11.0
2026-09-27 09:28:53,桃園,2026-09-27 09:00:00,3,2026-09-27 12:00:00,,,,False,15.54,16.0,58.7,42.0,RandomForestRegressor,HistGradientBoostingRegressor,11.0,58.0,4.539999999999999,4.539999999999999,5.0,5.0,普通,良好,0.0,0.7000000000000028,0.7000000000000028,-16.0,16.0,11.0
2026-09-27 12:30:07,桃園,2026-09-27 12:00:00,1,2026-09-27 13:00:00,,,,False,11.98,11.0,56.9,58.0,RandomForestRegressor,HistGradientBoostingRegressor,11.0,62.0,0.9800000000000004,0.9800000000000004,0.0,0.0,良好,良好,1.0,-5.100000000000001,5.100000000000001,-4.0,4.0,11.0
2026-09-27 10:30:22,桃園,2026-09-27 10:00:00,3,2026-09-27 13:00:00,,,,False,14.29,12.0,55.76,49.0,RandomForestRegressor,HistGradientBoostingRegressor,11.0,62.0,3.289999999999999,3.289999999999999,1.0,1.0,良好,良好,1.0,-6.240000000000002,6.240000000000002,-13.0,13.0,11.0
2026-09-27 13:28:58,桃園,2026-09-27 13:00:00,1,2026-09-27 14:00:00,,,,False,11.61,11.0,61.07,62.0,RandomForestRegressor,HistGradientBoostingRegressor,14.0,67.0,-2.3900000000000006,2.3900000000000006,-3.0,3.0,良好,良好,1.0,-5.93,5.93,-5.0,5.0,14.0
2026-09-27 11:30:34,桃園,2026-09-27 11:00:00,3,2026-09-27 14:00:00,,,,False,12.13,13.0,51.86,59.0,RandomForestRegressor,HistGradientBoostingRegressor,14.0,67.0,-1.8699999999999992,1.8699999999999992,-1.0,1.0,良好,良好,1.0,-15.14,15.14,-8.0,8.0,14.0
2026-09-27 14:35:21,桃園,2026-09-27 14:00:00,1,2026-09-27 15:00:00,,,,False,13.21,14.0,66.14,67.0,RandomForestRegressor,HistGradientBoostingRegressor,18.0,64.0,-4.789999999999999,4.789999999999999,-4.0,4.0,良好,普通,0.0,2.1400000000000006,2.1400000000000006,3.0,3.0,18.0
2026-09-27 12:30:07,桃園,2026-09-27 12:00:00,3,2026-09-27 15:00:00,,,,False,12.19,11.0,49.81,58.0,RandomForestRegressor,HistGradientBoostingRegressor,18.0,64.0,-5.8100000000000005,5.8100000000000005,-7.0,7.0,良好,普通,0.0,-14.189999999999998,14.189999999999998,-6.0,6.0,18.0
2026-09-27 15:29:08,桃園,2026-09-27 15:00:00,1,2026-09-27 16:00:00,,,,False,14.49,18.0,60.82,64.0,RandomForestRegressor,HistGradientBoostingRegressor,16.0,64.0,-1.5099999999999998,1.5099999999999998,2.0,2.0,良好,普通,0.0,-3.1799999999999997,3.1799999999999997,0.0,0.0,16.0
2026-09-27 13:28:58,桃園,2026-09-27 13:00:00,3,2026-09-27 16:00:00,,,,False,11.73,11.0,48.32,62.0,RandomForestRegressor,HistGradientBoostingRegressor,16.0,64.0,-4.27,4.27,-5.0,5.0,良好,普通,0.0,-15.68,15.68,-2.0,2.0,16.0
2026-09-27 16:30:52,桃園,2026-09-27 16:00:00,1,2026-09-27 17:00:00,,,,False,15.22,16.0,58.75,64.0,RandomForestRegressor,HistGradientBoostingRegressor,17.0,63.0,-1.7799999999999994,1.7799999999999994,-1.0,1.0,良好,普通,0.0,-4.25,4.25,1.0,1.0,17.0
2026-09-27 14:35:21,桃園,2026-09-27 14:00:00,3,2026-09-27 17:00:00,,,,False,13.22,14.0,47.85,67.0,RandomForestRegressor,HistGradientBoostingRegressor,17.0,63.0,-3.7799999999999994,3.7799999999999994,-3.0,3.0,良好,普通,0.0,-15.149999999999999,15.149999999999999,4.0,4.0,17.0
2026-09-27 17:29:08,桃園,2026-09-27 17:00:00,1,2026-09-27 18:00:00,,,,False,15.37,17.0,59.54,63.0,RandomForestRegressor,HistGradientBoostingRegressor,18.0,61.0,-2.630000000000001,2.630000000000001,-1.0,1.0,良好,普通,0.0,-1.4600000000000009,1.4600000000000009,2.0,2.0,18.0
2026-09-27 15:29:08,桃園,2026-09-27 15:00:00,3,2026-09-27 18:00:00,,,,False,15.31,18.0,46.42,64.0,RandomForestRegressor,HistGradientBoostingRegressor,18.0,61.0,-2.6899999999999995,2.6899999999999995,0.0,0.0,良好,普通,0.0,-14.579999999999998,14.579999999999998,3.0,3.0,18.0
2026-09-27 18:28:45,桃園,2026-09-27 18:00:00,1,2026-09-27 19:00:00,,,,False,16.83,18.0,56.01,61.0,RandomForestRegressor,HistGradientBoostingRegressor,21.0,59.0,-4.170000000000002,4.170000000000002,-3.0,3.0,普通,普通,1.0,-2.990000000000002,2.990000000000002,2.0,2.0,21.0
2026-09-27 16:30:52,桃園,2026-09-27 16:00:00,3,2026-09-27 19:00:00,,,,False,15.83,16.0,47.04,64.0,RandomForestRegressor,HistGradientBoostingRegressor,21.0,59.0,-5.17,5.17,-5.0,5.0,普通,普通,1.0,-11.96,11.96,5.0,5.0,21.0
2026-09-27 19:28:47,桃園,2026-09-27 19:00:00,1,2026-09-27 20:00:00,,,,False,19.67,21.0,53.46,59.0,RandomForestRegressor,HistGradientBoostingRegressor,20.0,56.0,-0.3299999999999983,0.3299999999999983,1.0,1.0,普通,普通,1.0,-2.539999999999999,2.539999999999999,3.0,3.0,20.0
2026-09-27 17:29:08,桃園,2026-09-27 17:00:00,3,2026-09-27 20:00:00,,,,False,15.89,17.0,46.58,63.0,RandomForestRegressor,HistGradientBoostingRegressor,20.0,56.0,-4.109999999999999,4.109999999999999,-3.0,3.0,普通,普通,1.0,-9.420000000000002,9.420000000000002,7.0,7.0,20.0
2026-09-27 20:34:52,桃園,2026-09-27 20:00:00,1,2026-09-27 21:00:00,,,,False,20.63,20.0,49.32,56.0,RandomForestRegressor,HistGradientBoostingRegressor,25.0,54.0,-4.370000000000001,4.370000000000001,-5.0,5.0,普通,普通,1.0,-4.68,4.68,2.0,2.0,25.0
2026-09-27 18:28:45,桃園,2026-09-27 18:00:00,3,2026-09-27 21:00:00,,,,False,18.48,18.0,45.4,61.0,RandomForestRegressor,HistGradientBoostingRegressor,25.0,54.0,-6.52,6.52,-7.0,7.0,普通,普通,1.0,-8.600000000000001,8.600000000000001,7.0,7.0,25.0
2026-09-27 21:28:26,桃園,2026-09-27 21:00:00,1,2026-09-27 22:00:00,,,,False,21.18,25.0,48.77,54.0,RandomForestRegressor,HistGradientBoostingRegressor,18.0,51.0,3.1799999999999997,3.1799999999999997,7.0,7.0,普通,普通,1.0,-2.229999999999997,2.229999999999997,3.0,3.0,18.0
2026-09-27 19:28:47,桃園,2026-09-27 19:00:00,3,2026-09-27 22:00:00,,,,False,20.49,21.0,40.85,59.0,RandomForestRegressor,HistGradientBoostingRegressor,18.0,51.0,2.4899999999999984,2.4899999999999984,3.0,3.0,普通,普通,1.0,-10.149999999999999,10.149999999999999,8.0,8.0,18.0
2026-09-27 22:28:32,桃園,2026-09-27 22:00:00,1,2026-09-27 23:00:00,,,,False,21.2,18.0,46.71,51.0,RandomForestRegressor,HistGradientBoostingRegressor,21.0,52.0,0.1999999999999993,0.1999999999999993,-3.0,3.0,普通,普通,1.0,-5.289999999999999,5.289999999999999,-1.0,1.0,21.0
2026-09-27 20:34:52,桃園,2026-09-27 20:00:00,3,2026-09-27 23:00:00,,,,False,20.75,20.0,39.2,56.0,RandomForestRegressor,HistGradientBoostingRegressor,21.0,52.0,-0.25,0.25,-1.0,1.0,普通,普通,1.0,-12.799999999999997,12.799999999999997,4.0,4.0,21.0
2026-09-27 23:28:57,桃園,2026-09-27 23:00:00,1,2026-09-28 00:00:00,,,,False,20.39,21.0,46.77,52.0,RandomForestRegressor,HistGradientBoostingRegressor,22.0,43.0,-1.6099999999999994,1.6099999999999994,-1.0,1.0,普通,普通,1.0,3.770000000000003,3.770000000000003,9.0,9.0,22.0
2026-09-27 21:28:26,桃園,2026-09-27 21:00:00,3,2026-09-28 00:00:00,,,,False,20.28,25.0,40.24,54.0,RandomForestRegressor,HistGradientBoostingRegressor,22.0,43.0,-1.7199999999999989,1.7199999999999989,3.0,3.0,普通,普通,1.0,-2.759999999999998,2.759999999999998,11.0,11.0,22.0
2026-09-28 00:30:12,桃園,2026-09-28 00:00:00,1,2026-09-28 01:00:00,,,,False,20.7,22.0,39.23,43.0,RandomForestRegressor,HistGradientBoostingRegressor,24.0,39.0,-3.3000000000000007,3.3000000000000007,-2.0,2.0,普通,普通,1.0,0.22999999999999687,0.22999999999999687,4.0,4.0,24.0
2026-09-27 22:28:32,桃園,2026-09-27 22:00:00,3,2026-09-28 01:00:00,,,,False,19.2,18.0,36.65,51.0,RandomForestRegressor,HistGradientBoostingRegressor,24.0,39.0,-4.800000000000001,4.800000000000001,-6.0,6.0,普通,普通,1.0,-2.3500000000000014,2.3500000000000014,12.0,12.0,24.0
2026-09-28 01:28:05,桃園,2026-09-28 01:00:00,1,2026-09-28 02:00:00,,,,False,20.21,24.0,36.71,39.0,RandomForestRegressor,HistGradientBoostingRegressor,21.0,37.0,-0.7899999999999991,0.7899999999999991,3.0,3.0,普通,普通,1.0,-0.28999999999999915,0.28999999999999915,2.0,2.0,21.0
2026-09-27 23:28:57,桃園,2026-09-27 23:00:00,3,2026-09-28 02:00:00,,,,False,20.24,21.0,38.8,52.0,RandomForestRegressor,HistGradientBoostingRegressor,21.0,37.0,-0.7600000000000016,0.7600000000000016,0.0,0.0,普通,普通,1.0,1.7999999999999972,1.7999999999999972,15.0,15.0,21.0
2026-09-28 02:32:27,桃園,2026-09-28 02:00:00,1,2026-09-28 03:00:00,,,,False,19.89,21.0,34.17,37.0,RandomForestRegressor,HistGradientBoostingRegressor,25.0,36.0,-5.109999999999999,5.109999999999999,-4.0,4.0,普通,普通,1.0,-1.8299999999999983,1.8299999999999983,1.0,1.0,25.0
2026-09-28 00:30:12,桃園,2026-09-28 00:00:00,3,2026-09-28 03:00:00,,,,False,20.63,22.0,34.76,43.0,RandomForestRegressor,HistGradientBoostingRegressor,25.0,36.0,-4.370000000000001,4.370000000000001,-3.0,3.0,普通,普通,1.0,-1.240000000000002,1.240000000000002,7.0,7.0,25.0
2026-09-28 03:27:12,桃園,2026-09-28 03:00:00,1,2026-09-28 04:00:00,,,,False,20.95,25.0,35.14,36.0,RandomForestRegressor,HistGradientBoostingRegressor,20.0,34.0,0.9499999999999993,0.9499999999999993,5.0,5.0,普通,普通,1.0,1.1400000000000006,1.1400000000000006,2.0,2.0,20.0
2026-09-28 01:28:05,桃園,2026-09-28 01:00:00,3,2026-09-28 04:00:00,,,,False,19.65,24.0,33.22,39.0,RandomForestRegressor,HistGradientBoostingRegressor,20.0,34.0,-0.3500000000000014,0.3500000000000014,4.0,4.0,普通,普通,1.0,-0.7800000000000011,0.7800000000000011,5.0,5.0,20.0
2026-09-28 04:28:44,桃園,2026-09-28 04:00:00,1,2026-09-28 05:00:00,,,,False,17.12,20.0,32.92,34.0,RandomForestRegressor,HistGradientBoostingRegressor,16.0,33.0,1.120000000000001,1.120000000000001,4.0,4.0,普通,普通,1.0,-0.0799999999999983,0.0799999999999983,1.0,1.0,16.0
2026-09-28 02:32:27,桃園,2026-09-28 02:00:00,3,2026-09-28 05:00:00,,,,False,19.39,21.0,31.42,37.0,RandomForestRegressor,HistGradientBoostingRegressor,16.0,33.0,3.3900000000000006,3.3900000000000006,5.0,5.0,普通,普通,1.0,-1.5799999999999983,1.5799999999999983,4.0,4.0,16.0
2026-09-28 05:28:41,桃園,2026-09-28 05:00:00,1,2026-09-28 06:00:00,,,,False,15.64,16.0,32.53,33.0,RandomForestRegressor,HistGradientBoostingRegressor,9.0,25.0,6.640000000000001,6.640000000000001,7.0,7.0,普通,良好,0.0,7.530000000000001,7.530000000000001,8.0,8.0,9.0
2026-09-28 03:27:12,桃園,2026-09-28 03:00:00,3,2026-09-28 06:00:00,,,,False,20.22,25.0,35.96,36.0,RandomForestRegressor,HistGradientBoostingRegressor,9.0,25.0,11.219999999999999,11.219999999999999,16.0,16.0,普通,良好,0.0,10.96,10.96,11.0,11.0,9.0
2026-09-28 06:29:16,桃園,2026-09-28 06:00:00,1,2026-09-28 07:00:00,,,,False,12.79,9.0,29.44,25.0,RandomForestRegressor,HistGradientBoostingRegressor,17.0,27.0,-4.210000000000001,4.210000000000001,-8.0,8.0,良好,普通,0.0,2.4400000000000013,2.4400000000000013,-2.0,2.0,17.0
2026-09-28 04:28:44,桃園,2026-09-28 04:00:00,3,2026-09-28 07:00:00,,,,False,17.93,20.0,39.71,34.0,RandomForestRegressor,HistGradientBoostingRegressor,17.0,27.0,0.9299999999999997,0.9299999999999997,3.0,3.0,普通,普通,1.0,12.71,12.71,7.0,7.0,17.0
2026-09-28 07:27:41,桃園,2026-09-28 07:00:00,1,2026-09-28 08:00:00,,,,False,14.77,17.0,33.24,27.0,RandomForestRegressor,HistGradientBoostingRegressor,12.0,29.0,2.7699999999999996,2.7699999999999996,5.0,5.0,良好,良好,1.0,4.240000000000002,4.240000000000002,-2.0,2.0,12.0
2026-09-28 05:28:41,桃園,2026-09-28 05:00:00,3,2026-09-28 08:00:00,,,,False,16.28,16.0,46.82,33.0,RandomForestRegressor,HistGradientBoostingRegressor,12.0,29.0,4.280000000000001,4.280000000000001,4.0,4.0,普通,良好,0.0,17.82,17.82,4.0,4.0,12.0
2026-09-28 08:39:56,桃園,2026-09-28 08:00:00,1,2026-09-28 09:00:00,,,,False,12.99,12.0,35.47,29.0,RandomForestRegressor,HistGradientBoostingRegressor,14.0,40.0,-1.0099999999999998,1.0099999999999998,-2.0,2.0,良好,良好,1.0,-4.530000000000001,4.530000000000001,-11.0,11.0,14.0
2026-09-28 06:29:16,桃園,2026-09-28 06:00:00,3,2026-09-28 09:00:00,,,,False,14.07,9.0,46.19,25.0,RandomForestRegressor,HistGradientBoostingRegressor,14.0,40.0,0.07000000000000028,0.07000000000000028,-5.0,5.0,良好,良好,1.0,6.189999999999998,6.189999999999998,-15.0,15.0,14.0
2026-09-28 09:30:06,桃園,2026-09-28 09:00:00,1,2026-09-28 10:00:00,,,,False,12.72,14.0,49.57,40.0,RandomForestRegressor,HistGradientBoostingRegressor,11.0,39.0,1.7200000000000006,1.7200000000000006,3.0,3.0,良好,良好,1.0,10.57,10.57,1.0,1.0,11.0
2026-09-28 07:27:41,桃園,2026-09-28 07:00:00,3,2026-09-28 10:00:00,,,,False,13.82,17.0,49.69,27.0,RandomForestRegressor,HistGradientBoostingRegressor,11.0,39.0,2.8200000000000003,2.8200000000000003,6.0,6.0,良好,良好,1.0,10.689999999999998,10.689999999999998,-12.0,12.0,11.0
2026-09-28 10:31:22,桃園,2026-09-28 10:00:00,1,2026-09-28 11:00:00,,,,False,10.57,11.0,42.29,39.0,RandomForestRegressor,HistGradientBoostingRegressor,7.0,46.0,3.5700000000000003,3.5700000000000003,4.0,4.0,良好,良好,1.0,-3.710000000000001,3.710000000000001,-7.0,7.0,7.0
2026-09-28 08:39:56,桃園,2026-09-28 08:00:00,3,2026-09-28 11:00:00,,,,False,12.98,12.0,61.68,29.0,RandomForestRegressor,HistGradientBoostingRegressor,7.0,46.0,5.98,5.98,5.0,5.0,良好,良好,1.0,15.68,15.68,-17.0,17.0,7.0
2026-09-28 11:32:49,桃園,2026-09-28 11:00:00,1,2026-09-28 12:00:00,,,,False,8.49,7.0,53.17,46.0,RandomForestRegressor,HistGradientBoostingRegressor,4.0,,4.49,4.49,3.0,3.0,良好,良好,1.0,,,,,4.0
2026-09-28 09:30:06,桃園,2026-09-28 09:00:00,3,2026-09-28 12:00:00,,,,False,13.56,14.0,60.73,40.0,RandomForestRegressor,HistGradientBoostingRegressor,4.0,,9.56,9.56,10.0,10.0,良好,良好,1.0,,,,,4.0
2026-09-28 13:31:46,桃園,2026-09-28 12:00:00,1,2026-09-28 13:00:00,,,,False,6.79,4.0,45.98,46.0,RandomForestRegressor,HistGradientBoostingRegressor,,,,,,,良好,無資料,,,,,,
2026-09-28 10:31:22,桃園,2026-09-28 10:00:00,3,2026-09-28 13:00:00,,,,False,11.07,11.0,49.97,39.0,RandomForestRegressor,HistGradientBoostingRegressor,,,,,,,良好,無資料,,,,,,
2026-09-28 11:32:49,桃園,2026-09-28 11:00:00,3,2026-09-28 14:00:00,,,,False,10.04,7.0,49.02,46.0,RandomForestRegressor,HistGradientBoostingRegressor,5.0,,5.039999999999999,5.039999999999999,2.0,2.0,良好,良好,1.0,,,,,5.0
2026-09-28 14:40:12,桃園,2026-09-28 14:00:00,1,2026-09-28 15:00:00,,,,False,6.3,5.0,68.34,46.0,RandomForestRegressor,HistGradientBoostingRegressor,7.0,61.0,-0.7000000000000002,0.7000000000000002,-2.0,2.0,良好,良好,1.0,7.340000000000003,7.340000000000003,-15.0,15.0,7.0
2026-09-28 13:31:46,桃園,2026-09-28 12:00:00,3,2026-09-28 15:00:00,,,,False,8.87,4.0,40.01,46.0,RandomForestRegressor,HistGradientBoostingRegressor,7.0,61.0,1.8699999999999992,1.8699999999999992,-3.0,3.0,良好,良好,1.0,-20.990000000000002,20.990000000000002,-15.0,15.0,7.0
2026-09-28 15:33:09,桃園,2026-09-28 15:00:00,1,2026-09-28 16:00:00,,,,False,8.69,7.0,61.31,61.0,RandomForestRegressor,HistGradientBoostingRegressor,9.0,59.0,-0.3100000000000005,0.3100000000000005,-2.0,2.0,良好,良好,1.0,2.3100000000000023,2.3100000000000023,2.0,2.0,9.0
2026-09-28 16:34:41,桃園,2026-09-28 16:00:00,1,2026-09-28 17:00:00,,,,False,9.9,9.0,53.68,59.0,RandomForestRegressor,HistGradientBoostingRegressor,6.0,52.0,3.9000000000000004,3.9000000000000004,3.0,3.0,良好,良好,1.0,1.6799999999999997,1.6799999999999997,7.0,7.0,6.0
2026-09-28 14:40:12,桃園,2026-09-28 14:00:00,3,2026-09-28 17:00:00,,,,False,6.43,5.0,56.77,46.0,RandomForestRegressor,HistGradientBoostingRegressor,6.0,52.0,0.4299999999999997,0.4299999999999997,-1.0,1.0,良好,良好,1.0,4.770000000000003,4.770000000000003,-6.0,6.0,6.0
2026-09-28 17:34:33,桃園,2026-09-28 17:00:00,1,2026-09-28 18:00:00,,,,False,8.1,6.0,46.52,52.0,RandomForestRegressor,HistGradientBoostingRegressor,5.0,46.0,3.0999999999999996,3.0999999999999996,1.0,1.0,良好,良好,1.0,0.5200000000000031,0.5200000000000031,6.0,6.0,5.0
2026-09-28 15:33:09,桃園,2026-09-28 15:00:00,3,2026-09-28 18:00:00,,,,False,9.45,7.0,42.01,61.0,RandomForestRegressor,HistGradientBoostingRegressor,5.0,46.0,4.449999999999999,4.449999999999999,2.0,2.0,良好,良好,1.0,-3.990000000000002,3.990000000000002,15.0,15.0,5.0
2026-09-28 18:33:05,桃園,2026-09-28 18:00:00,1,2026-09-28 19:00:00,,,,False,7.34,5.0,42.57,46.0,RandomForestRegressor,HistGradientBoostingRegressor,14.0,44.0,-6.66,6.66,-9.0,9.0,良好,良好,1.0,-1.4299999999999997,1.4299999999999997,2.0,2.0,14.0
2026-09-28 16:34:41,桃園,2026-09-28 16:00:00,3,2026-09-28 19:00:00,,,,False,9.41,9.0,36.36,59.0,RandomForestRegressor,HistGradientBoostingRegressor,14.0,44.0,-4.59,4.59,-5.0,5.0,良好,良好,1.0,-7.640000000000001,7.640000000000001,15.0,15.0,14.0
2026-09-28 19:32:50,桃園,2026-09-28 19:00:00,1,2026-09-28 20:00:00,,,,False,13.11,14.0,41.35,44.0,RandomForestRegressor,HistGradientBoostingRegressor,9.0,44.0,4.109999999999999,4.109999999999999,5.0,5.0,良好,良好,1.0,-2.6499999999999986,2.6499999999999986,0.0,0.0,9.0
2026-09-28 17:34:33,桃園,2026-09-28 17:00:00,3,2026-09-28 20:00:00,,,,False,9.58,6.0,39.9,52.0,RandomForestRegressor,HistGradientBoostingRegressor,9.0,44.0,0.5800000000000001,0.5800000000000001,-3.0,3.0,良好,良好,1.0,-4.100000000000001,4.100000000000001,8.0,8.0,9.0
2026-09-28 20:39:18,桃園,2026-09-28 20:00:00,1,2026-09-28 21:00:00,,,,False,10.64,9.0,40.06,44.0,RandomForestRegressor,HistGradientBoostingRegressor,14.0,40.0,-3.3599999999999994,3.3599999999999994,-5.0,5.0,良好,良好,1.0,0.060000000000002274,0.060000000000002274,4.0,4.0,14.0
2026-09-28 18:33:05,桃園,2026-09-28 18:00:00,3,2026-09-28 21:00:00,,,,False,7.77,5.0,38.85,46.0,RandomForestRegressor,HistGradientBoostingRegressor,14.0,40.0,-6.23,6.23,-9.0,9.0,良好,良好,1.0,-1.1499999999999986,1.1499999999999986,6.0,6.0,14.0
2026-09-28 21:33:19,桃園,2026-09-28 21:00:00,1,2026-09-28 22:00:00,,,,False,12.61,14.0,36.86,40.0,RandomForestRegressor,HistGradientBoostingRegressor,13.0,37.0,-0.39000000000000057,0.39000000000000057,1.0,1.0,良好,良好,1.0,-0.14000000000000057,0.14000000000000057,3.0,3.0,13.0
2026-09-28 19:32:50,桃園,2026-09-28 19:00:00,3,2026-09-28 22:00:00,,,,False,13.89,14.0,36.59,44.0,RandomForestRegressor,HistGradientBoostingRegressor,13.0,37.0,0.8900000000000006,0.8900000000000006,1.0,1.0,良好,良好,1.0,-0.4099999999999966,0.4099999999999966,7.0,7.0,13.0
2026-09-28 22:34:55,桃園,2026-09-28 22:00:00,1,2026-09-28 23:00:00,,,,False,13.55,13.0,34.57,37.0,RandomForestRegressor,HistGradientBoostingRegressor,12.0,38.0,1.5500000000000007,1.5500000000000007,1.0,1.0,良好,良好,1.0,-3.4299999999999997,3.4299999999999997,-1.0,1.0,12.0
2026-09-28 20:39:18,桃園,2026-09-28 20:00:00,3,2026-09-28 23:00:00,,,,False,12.45,9.0,36.3,44.0,RandomForestRegressor,HistGradientBoostingRegressor,12.0,38.0,0.4499999999999993,0.4499999999999993,-3.0,3.0,良好,良好,1.0,-1.7000000000000028,1.7000000000000028,6.0,6.0,12.0
2026-09-28 23:33:58,桃園,2026-09-28 23:00:00,1,2026-09-29 00:00:00,,,,False,13.32,12.0,35.01,38.0,RandomForestRegressor,HistGradientBoostingRegressor,12.0,34.0,1.3200000000000003,1.3200000000000003,0.0,0.0,良好,良好,1.0,1.009999999999998,1.009999999999998,4.0,4.0,12.0
2026-09-28 21:33:19,桃園,2026-09-28 21:00:00,3,2026-09-29 00:00:00,,,,False,12.79,14.0,31.5,40.0,RandomForestRegressor,HistGradientBoostingRegressor,12.0,34.0,0.7899999999999991,0.7899999999999991,2.0,2.0,良好,良好,1.0,-2.5,2.5,6.0,6.0,12.0
2026-09-29 00:33:45,桃園,2026-09-29 00:00:00,1,2026-09-29 01:00:00,,,,False,12.27,12.0,32.56,34.0,RandomForestRegressor,HistGradientBoostingRegressor,13.0,35.0,-0.7300000000000004,0.7300000000000004,-1.0,1.0,良好,良好,1.0,-2.4399999999999977,2.4399999999999977,-1.0,1.0,13.0
2026-09-28 22:34:55,桃園,2026-09-28 22:00:00,3,2026-09-29 01:00:00,,,,False,13.77,13.0,31.25,37.0,RandomForestRegressor,HistGradientBoostingRegressor,13.0,35.0,0.7699999999999996,0.7699999999999996,0.0,0.0,良好,良好,1.0,-3.75,3.75,2.0,2.0,13.0
2026-09-29 01:31:11,桃園,2026-09-29 01:00:00,1,2026-09-29 02:00:00,,,,False,11.95,13.0,33.6,35.0,RandomForestRegressor,HistGradientBoostingRegressor,11.0,31.0,0.9499999999999993,0.9499999999999993,2.0,2.0,良好,良好,1.0,2.6000000000000014,2.6000000000000014,4.0,4.0,11.0
2026-09-28 23:33:58,桃園,2026-09-28 23:00:00,3,2026-09-29 02:00:00,,,,False,13.43,12.0,30.9,38.0,RandomForestRegressor,HistGradientBoostingRegressor,11.0,31.0,2.4299999999999997,2.4299999999999997,1.0,1.0,良好,良好,1.0,-0.10000000000000142,0.10000000000000142,7.0,7.0,11.0
2026-09-29 02:35:45,桃園,2026-09-29 02:00:00,1,2026-09-29 03:00:00,,,,False,12.77,11.0,29.99,31.0,RandomForestRegressor,HistGradientBoostingRegressor,14.0,29.0,-1.2300000000000004,1.2300000000000004,-3.0,3.0,良好,良好,1.0,0.9899999999999984,0.9899999999999984,2.0,2.0,14.0
2026-09-29 00:33:45,桃園,2026-09-29 00:00:00,3,2026-09-29 03:00:00,,,,False,12.59,12.0,29.32,34.0,RandomForestRegressor,HistGradientBoostingRegressor,14.0,29.0,-1.4100000000000001,1.4100000000000001,-2.0,2.0,良好,良好,1.0,0.3200000000000003,0.3200000000000003,5.0,5.0,14.0
2026-09-29 03:30:49,桃園,2026-09-29 03:00:00,1,2026-09-29 04:00:00,,,,False,12.32,14.0,28.09,29.0,RandomForestRegressor,HistGradientBoostingRegressor,15.0,25.0,-2.6799999999999997,2.6799999999999997,-1.0,1.0,良好,良好,1.0,3.09,3.09,4.0,4.0,15.0
2026-09-29 01:31:11,桃園,2026-09-29 01:00:00,3,2026-09-29 04:00:00,,,,False,11.97,13.0,29.51,35.0,RandomForestRegressor,HistGradientBoostingRegressor,15.0,25.0,-3.0299999999999994,3.0299999999999994,-2.0,2.0,良好,良好,1.0,4.510000000000002,4.510000000000002,10.0,10.0,15.0
2026-09-29 04:30:30,桃園,2026-09-29 04:00:00,1,2026-09-29 05:00:00,,,,False,12.64,15.0,25.1,25.0,RandomForestRegressor,HistGradientBoostingRegressor,14.0,26.0,-1.3599999999999994,1.3599999999999994,1.0,1.0,良好,良好,1.0,-0.8999999999999986,0.8999999999999986,-1.0,1.0,14.0
2026-09-29 02:35:45,桃園,2026-09-29 02:00:00,3,2026-09-29 05:00:00,,,,False,12.51,11.0,26.25,31.0,RandomForestRegressor,HistGradientBoostingRegressor,14.0,26.0,-1.4900000000000002,1.4900000000000002,-3.0,3.0,良好,良好,1.0,0.25,0.25,5.0,5.0,14.0
2026-09-29 05:30:04,桃園,2026-09-29 05:00:00,1,2026-09-29 06:00:00,,,,False,13.48,14.0,25.94,26.0,RandomForestRegressor,HistGradientBoostingRegressor,10.0,24.0,3.4800000000000004,3.4800000000000004,4.0,4.0,良好,良好,1.0,1.9400000000000013,1.9400000000000013,2.0,2.0,10.0
2026-09-29 03:30:49,桃園,2026-09-29 03:00:00,3,2026-09-29 06:00:00,,,,False,11.84,14.0,28.61,29.0,RandomForestRegressor,HistGradientBoostingRegressor,10.0,24.0,1.8399999999999999,1.8399999999999999,4.0,4.0,良好,良好,1.0,4.609999999999999,4.609999999999999,5.0,5.0,10.0
2026-09-29 06:29:17,桃園,2026-09-29 06:00:00,1,2026-09-29 07:00:00,,,,False,10.38,10.0,27.81,24.0,RandomForestRegressor,HistGradientBoostingRegressor,10.0,27.0,0.3800000000000008,0.3800000000000008,0.0,0.0,良好,良好,1.0,0.8099999999999987,0.8099999999999987,-3.0,3.0,10.0
2026-09-29 04:30:30,桃園,2026-09-29 04:00:00,3,2026-09-29 07:00:00,,,,False,11.49,15.0,29.67,25.0,RandomForestRegressor,HistGradientBoostingRegressor,10.0,27.0,1.4900000000000002,1.4900000000000002,5.0,5.0,良好,良好,1.0,2.6700000000000017,2.6700000000000017,-2.0,2.0,10.0
2026-09-29 07:29:15,桃園,2026-09-29 07:00:00,1,2026-09-29 08:00:00,,,,False,10.5,10.0,33.24,27.0,RandomForestRegressor,HistGradientBoostingRegressor,6.0,30.0,4.5,4.5,4.0,4.0,良好,良好,1.0,3.240000000000002,3.240000000000002,-3.0,3.0,6.0
2026-09-29 05:30:04,桃園,2026-09-29 05:00:00,3,2026-09-29 08:00:00,,,,False,13.35,14.0,37.57,26.0,RandomForestRegressor,HistGradientBoostingRegressor,6.0,30.0,7.35,7.35,8.0,8.0,良好,良好,1.0,7.57,7.57,-4.0,4.0,6.0
2026-09-29 08:38:46,桃園,2026-09-29 08:00:00,1,2026-09-29 09:00:00,,,,False,8.75,6.0,36.4,30.0,RandomForestRegressor,HistGradientBoostingRegressor,5.0,37.0,3.75,3.75,1.0,1.0,良好,良好,1.0,-0.6000000000000014,0.6000000000000014,-7.0,7.0,5.0
2026-09-29 06:29:17,桃園,2026-09-29 06:00:00,3,2026-09-29 09:00:00,,,,False,10.85,10.0,45.12,24.0,RandomForestRegressor,HistGradientBoostingRegressor,5.0,37.0,5.85,5.85,5.0,5.0,良好,良好,1.0,8.119999999999997,8.119999999999997,-13.0,13.0,5.0
2026-09-29 09:29:33,桃園,2026-09-29 09:00:00,1,2026-09-29 10:00:00,,,,False,6.37,5.0,44.48,37.0,RandomForestRegressor,HistGradientBoostingRegressor,9.0,43.0,-2.63,2.63,-4.0,4.0,良好,良好,1.0,1.4799999999999969,1.4799999999999969,-6.0,6.0,9.0
2026-09-29 07:29:15,桃園,2026-09-29 07:00:00,3,2026-09-29 10:00:00,,,,False,10.49,10.0,47.5,27.0,RandomForestRegressor,HistGradientBoostingRegressor,9.0,43.0,1.4900000000000002,1.4900000000000002,1.0,1.0,良好,良好,1.0,4.5,4.5,-16.0,16.0,9.0
2026-09-29 10:29:23,桃園,2026-09-29 10:00:00,1,2026-09-29 11:00:00,,,,False,9.46,9.0,47.69,43.0,RandomForestRegressor,HistGradientBoostingRegressor,7.0,51.0,2.460000000000001,2.460000000000001,2.0,2.0,良好,良好,1.0,-3.3100000000000023,3.3100000000000023,-8.0,8.0,7.0
2026-09-29 08:38:46,桃園,2026-09-29 08:00:00,3,2026-09-29 11:00:00,,,,False,10.72,6.0,62.07,30.0,RandomForestRegressor,HistGradientBoostingRegressor,7.0,51.0,3.7200000000000006,3.7200000000000006,-1.0,1.0,良好,良好,1.0,11.07,11.07,-21.0,21.0,7.0
2026-09-29 11:32:43,桃園,2026-09-29 11:00:00,1,2026-09-29 12:00:00,,,,False,8.57,7.0,58.13,51.0,RandomForestRegressor,HistGradientBoostingRegressor,5.0,,3.5700000000000003,3.5700000000000003,2.0,2.0,良好,良好,1.0,,,,,5.0
2026-09-29 09:29:33,桃園,2026-09-29 09:00:00,3,2026-09-29 12:00:00,,,,False,6.5,5.0,57.86,37.0,RandomForestRegressor,HistGradientBoostingRegressor,5.0,,1.5,1.5,0.0,0.0,良好,良好,1.0,,,,,5.0
2026-09-29 12:32:10,桃園,2026-09-29 12:00:00,1,2026-09-29 13:00:00,,,,False,6.94,5.0,52.97,51.0,RandomForestRegressor,HistGradientBoostingRegressor,8.0,,-1.0599999999999996,1.0599999999999996,-3.0,3.0,良好,良好,1.0,,,,,8.0
2026-09-29 10:29:23,桃園,2026-09-29 10:00:00,3,2026-09-29 13:00:00,,,,False,9.03,9.0,51.73,43.0,RandomForestRegressor,HistGradientBoostingRegressor,8.0,,1.0299999999999994,1.0299999999999994,1.0,1.0,良好,良好,1.0,,,,,8.0
2026-09-29 13:31:13,桃園,2026-09-29 13:00:00,1,2026-09-29 14:00:00,,,,False,8.71,8.0,66.68,51.0,RandomForestRegressor,HistGradientBoostingRegressor,7.0,,1.7100000000000009,1.7100000000000009,1.0,1.0,良好,良好,1.0,,,,,7.0
2026-09-29 11:32:43,桃園,2026-09-29 11:00:00,3,2026-09-29 14:00:00,,,,False,9.69,7.0,63.18,51.0,RandomForestRegressor,HistGradientBoostingRegressor,7.0,,2.6899999999999995,2.6899999999999995,0.0,0.0,良好,良好,1.0,,,,,7.0
2026-09-29 14:38:02,桃園,2026-09-29 14:00:00,1,2026-09-29 15:00:00,,,,False,8.37,7.0,67.02,51.0,RandomForestRegressor,HistGradientBoostingRegressor,10.0,61.0,-1.6300000000000008,1.6300000000000008,-3.0,3.0,良好,良好,1.0,6.019999999999996,6.019999999999996,-10.0,10.0,10.0
2026-09-29 12:32:10,桃園,2026-09-29 12:00:00,3,2026-09-29 15:00:00,,,,False,7.01,5.0,53.77,51.0,RandomForestRegressor,HistGradientBoostingRegressor,10.0,61.0,-2.99,2.99,-5.0,5.0,良好,良好,1.0,-7.229999999999997,7.229999999999997,-10.0,10.0,10.0
2026-09-29 15:32:53,桃園,2026-09-29 15:00:00,1,2026-09-29 16:00:00,,,,False,9.62,10.0,63.28,61.0,RandomForestRegressor,HistGradientBoostingRegressor,10.0,,-0.3800000000000008,0.3800000000000008,0.0,0.0,良好,良好,1.0,,,,,10.0
2026-09-29 13:31:13,桃園,2026-09-29 13:00:00,3,2026-09-29 16:00:00,,,,False,8.25,8.0,55.82,51.0,RandomForestRegressor,HistGradientBoostingRegressor,10.0,,-1.75,1.75,-2.0,2.0,良好,良好,1.0,,,,,10.0
2026-09-29 16:34:07,桃園,2026-09-29 16:00:00,1,2026-09-29 17:00:00,,,,False,10.41,10.0,62.87,61.0,RandomForestRegressor,HistGradientBoostingRegressor,10.0,68.0,0.41000000000000014,0.41000000000000014,0.0,0.0,良好,良好,1.0,-5.130000000000003,5.130000000000003,-7.0,7.0,10.0
2026-09-29 14:38:02,桃園,2026-09-29 14:00:00,3,2026-09-29 17:00:00,,,,False,9.25,7.0,59.2,51.0,RandomForestRegressor,HistGradientBoostingRegressor,10.0,68.0,-0.75,0.75,-3.0,3.0,良好,良好,1.0,-8.799999999999997,8.799999999999997,-17.0,17.0,10.0
2026-09-29 17:33:47,桃園,2026-09-29 17:00:00,1,2026-09-29 18:00:00,,,,False,11.24,10.0,63.64,68.0,RandomForestRegressor,HistGradientBoostingRegressor,12.0,72.0,-0.7599999999999998,0.7599999999999998,-2.0,2.0,良好,良好,1.0,-8.36,8.36,-4.0,4.0,12.0
2026-09-29 15:32:53,桃園,2026-09-29 15:00:00,3,2026-09-29 18:00:00,,,,False,9.53,10.0,44.67,61.0,RandomForestRegressor,HistGradientBoostingRegressor,12.0,72.0,-2.4700000000000006,2.4700000000000006,-2.0,2.0,良好,良好,1.0,-27.33,27.33,-11.0,11.0,12.0
2026-09-29 18:34:08,桃園,2026-09-29 18:00:00,1,2026-09-29 19:00:00,,,,False,12.78,12.0,65.18,72.0,RandomForestRegressor,HistGradientBoostingRegressor,15.0,63.0,-2.2200000000000006,2.2200000000000006,-3.0,3.0,良好,良好,1.0,2.180000000000007,2.180000000000007,9.0,9.0,15.0
2026-09-29 16:34:07,桃園,2026-09-29 16:00:00,3,2026-09-29 19:00:00,,,,False,9.78,10.0,50.55,61.0,RandomForestRegressor,HistGradientBoostingRegressor,15.0,63.0,-5.220000000000001,5.220000000000001,-5.0,5.0,良好,良好,1.0,-12.450000000000003,12.450000000000003,-2.0,2.0,15.0
2026-09-29 19:31:12,桃園,2026-09-29 19:00:00,1,2026-09-29 20:00:00,,,,False,15.2,15.0,57.71,63.0,RandomForestRegressor,HistGradientBoostingRegressor,15.0,54.0,0.1999999999999993,0.1999999999999993,0.0,0.0,良好,良好,1.0,3.710000000000001,3.710000000000001,9.0,9.0,15.0
2026-09-29 17:33:47,桃園,2026-09-29 17:00:00,3,2026-09-29 20:00:00,,,,False,11.1,10.0,48.75,68.0,RandomForestRegressor,HistGradientBoostingRegressor,15.0,54.0,-3.9000000000000004,3.9000000000000004,-5.0,5.0,良好,良好,1.0,-5.25,5.25,14.0,14.0,15.0
2026-09-29 20:39:06,桃園,2026-09-29 20:00:00,1,2026-09-29 21:00:00,,,,False,15.41,15.0,46.35,54.0,RandomForestRegressor,HistGradientBoostingRegressor,22.0,52.0,-6.59,6.59,-7.0,7.0,危害,普通,0.0,-5.649999999999999,5.649999999999999,2.0,2.0,22.0
2026-09-29 18:34:08,桃園,2026-09-29 18:00:00,3,2026-09-29 21:00:00,,,,False,11.87,12.0,46.83,72.0,RandomForestRegressor,HistGradientBoostingRegressor,22.0,52.0,-10.13,10.13,-10.0,10.0,良好,普通,0.0,-5.170000000000002,5.170000000000002,20.0,20.0,22.0
2026-09-29 21:35:23,桃園,2026-09-29 21:00:00,1,2026-09-29 22:00:00,,,,False,19.7,22.0,45.84,52.0,RandomForestRegressor,HistGradientBoostingRegressor,15.0,47.0,4.699999999999999,4.699999999999999,7.0,7.0,普通,良好,0.0,-1.1599999999999966,1.1599999999999966,5.0,5.0,15.0
2026-09-29 19:31:12,桃園,2026-09-29 19:00:00,3,2026-09-29 22:00:00,,,,False,12.35,15.0,40.6,63.0,RandomForestRegressor,HistGradientBoostingRegressor,15.0,47.0,-2.6500000000000004,2.6500000000000004,0.0,0.0,良好,良好,1.0,-6.399999999999999,6.399999999999999,16.0,16.0,15.0
2026-09-29 22:33:45,桃園,2026-09-29 22:00:00,1,2026-09-29 23:00:00,,,,False,16.54,15.0,40.07,47.0,RandomForestRegressor,HistGradientBoostingRegressor,12.0,43.0,4.539999999999999,4.539999999999999,3.0,3.0,普通,良好,0.0,-2.9299999999999997,2.9299999999999997,4.0,4.0,12.0
2026-09-29 20:39:06,桃園,2026-09-29 20:00:00,3,2026-09-29 23:00:00,,,,False,14.06,15.0,36.93,54.0,RandomForestRegressor,HistGradientBoostingRegressor,12.0,43.0,2.0600000000000005,2.0600000000000005,3.0,3.0,良好,良好,1.0,-6.07,6.07,11.0,11.0,12.0
2026-09-29 23:34:47,桃園,2026-09-29 23:00:00,1,2026-09-30 00:00:00,,,,False,14.3,12.0,40.13,43.0,RandomForestRegressor,HistGradientBoostingRegressor,17.0,45.0,-2.6999999999999993,2.6999999999999993,-5.0,5.0,良好,普通,0.0,-4.869999999999997,4.869999999999997,-2.0,2.0,17.0
2026-09-29 21:35:23,桃園,2026-09-29 21:00:00,3,2026-09-30 00:00:00,,,,False,18.0,22.0,32.96,52.0,RandomForestRegressor,HistGradientBoostingRegressor,17.0,45.0,1.0,1.0,5.0,5.0,普通,普通,1.0,-12.04,12.04,7.0,7.0,17.0
2026-09-30 00:35:02,桃園,2026-09-30 00:00:00,1,2026-09-30 01:00:00,,,,False,14.46,17.0,43.27,45.0,RandomForestRegressor,HistGradientBoostingRegressor,11.0,45.0,3.460000000000001,3.460000000000001,6.0,6.0,良好,良好,1.0,-1.7299999999999969,1.7299999999999969,0.0,0.0,11.0
2026-09-29 22:33:45,桃園,2026-09-29 22:00:00,3,2026-09-30 01:00:00,,,,False,15.63,15.0,35.77,47.0,RandomForestRegressor,HistGradientBoostingRegressor,11.0,45.0,4.630000000000001,4.630000000000001,4.0,4.0,普通,良好,0.0,-9.229999999999997,9.229999999999997,2.0,2.0,11.0
2026-09-30 01:31:42,桃園,2026-09-30 01:00:00,1,2026-09-30 02:00:00,,,,False,11.05,11.0,41.6,45.0,RandomForestRegressor,HistGradientBoostingRegressor,16.0,39.0,-4.949999999999999,4.949999999999999,-5.0,5.0,良好,普通,0.0,2.6000000000000014,2.6000000000000014,6.0,6.0,16.0
2026-09-29 23:34:47,桃園,2026-09-29 23:00:00,3,2026-09-30 02:00:00,,,,False,13.91,12.0,35.6,43.0,RandomForestRegressor,HistGradientBoostingRegressor,16.0,39.0,-2.09,2.09,-4.0,4.0,良好,普通,0.0,-3.3999999999999986,3.3999999999999986,4.0,4.0,16.0
2026-09-30 02:36:33,桃園,2026-09-30 02:00:00,1,2026-09-30 03:00:00,,,,False,14.39,16.0,36.67,39.0,RandomForestRegressor,HistGradientBoostingRegressor,16.0,37.0,-1.6099999999999994,1.6099999999999994,0.0,0.0,良好,普通,0.0,-0.3299999999999983,0.3299999999999983,2.0,2.0,16.0
2026-09-30 00:35:02,桃園,2026-09-30 00:00:00,3,2026-09-30 03:00:00,,,,False,14.62,17.0,35.64,45.0,RandomForestRegressor,HistGradientBoostingRegressor,16.0,37.0,-1.3800000000000008,1.3800000000000008,1.0,1.0,良好,普通,0.0,-1.3599999999999994,1.3599999999999994,8.0,8.0,16.0
2026-09-30 03:32:11,桃園,2026-09-30 03:00:00,1,2026-09-30 04:00:00,,,,False,14.89,16.0,35.09,37.0,RandomForestRegressor,HistGradientBoostingRegressor,18.0,35.0,-3.1099999999999994,3.1099999999999994,-2.0,2.0,良好,普通,0.0,0.09000000000000341,0.09000000000000341,2.0,2.0,18.0
2026-09-30 01:31:42,桃園,2026-09-30 01:00:00,3,2026-09-30 04:00:00,,,,False,11.13,11.0,37.15,45.0,RandomForestRegressor,HistGradientBoostingRegressor,18.0,35.0,-6.869999999999999,6.869999999999999,-7.0,7.0,良好,普通,0.0,2.1499999999999986,2.1499999999999986,10.0,10.0,18.0
2026-09-30 04:33:32,桃園,2026-09-30 04:00:00,1,2026-09-30 05:00:00,,,,False,15.97,18.0,33.64,35.0,RandomForestRegressor,HistGradientBoostingRegressor,15.0,36.0,0.9700000000000006,0.9700000000000006,3.0,3.0,普通,良好,0.0,-2.3599999999999994,2.3599999999999994,-1.0,1.0,15.0
2026-09-30 02:36:33,桃園,2026-09-30 02:00:00,3,2026-09-30 05:00:00,,,,False,13.77,16.0,31.21,39.0,RandomForestRegressor,HistGradientBoostingRegressor,15.0,36.0,-1.2300000000000004,1.2300000000000004,1.0,1.0,良好,良好,1.0,-4.789999999999999,4.789999999999999,3.0,3.0,15.0
2026-09-30 05:31:05,桃園,2026-09-30 05:00:00,1,2026-09-30 06:00:00,,,,False,16.75,15.0,35.6,36.0,RandomForestRegressor,HistGradientBoostingRegressor,17.0,29.0,-0.25,0.25,-2.0,2.0,普通,普通,1.0,6.600000000000001,6.600000000000001,7.0,7.0,17.0
2026-09-30 03:32:11,桃園,2026-09-30 03:00:00,3,2026-09-30 06:00:00,,,,False,15.34,16.0,32.86,37.0,RandomForestRegressor,HistGradientBoostingRegressor,17.0,29.0,-1.6600000000000001,1.6600000000000001,-1.0,1.0,良好,普通,0.0,3.8599999999999994,3.8599999999999994,8.0,8.0,17.0
2026-09-30 06:30:38,桃園,2026-09-30 06:00:00,1,2026-09-30 07:00:00,,,,False,17.31,17.0,34.85,29.0,RandomForestRegressor,HistGradientBoostingRegressor,15.0,27.0,2.3099999999999987,2.3099999999999987,2.0,2.0,普通,良好,0.0,7.850000000000001,7.850000000000001,2.0,2.0,15.0
2026-09-30 04:33:32,桃園,2026-09-30 04:00:00,3,2026-09-30 07:00:00,,,,False,15.11,18.0,36.54,35.0,RandomForestRegressor,HistGradientBoostingRegressor,15.0,27.0,0.10999999999999943,0.10999999999999943,3.0,3.0,良好,良好,1.0,9.54,9.54,8.0,8.0,15.0
2026-09-30 07:28:26,桃園,2026-09-30 07:00:00,1,2026-09-30 08:00:00,,,,False,14.77,15.0,33.23,27.0,RandomForestRegressor,HistGradientBoostingRegressor,19.0,38.0,-4.23,4.23,-4.0,4.0,良好,普通,0.0,-4.770000000000003,4.770000000000003,-11.0,11.0,19.0
2026-09-30 05:31:05,桃園,2026-09-30 05:00:00,3,2026-09-30 08:00:00,,,,False,15.2,15.0,44.9,36.0,RandomForestRegressor,HistGradientBoostingRegressor,19.0,38.0,-3.8000000000000007,3.8000000000000007,-4.0,4.0,良好,普通,0.0,6.899999999999999,6.899999999999999,-2.0,2.0,19.0
2026-09-30 08:40:48,桃園,2026-09-30 08:00:00,1,2026-09-30 09:00:00,,,,False,17.45,19.0,48.41,38.0,RandomForestRegressor,HistGradientBoostingRegressor,14.0,50.0,3.4499999999999993,3.4499999999999993,5.0,5.0,普通,良好,0.0,-1.5900000000000034,1.5900000000000034,-12.0,12.0,14.0
2026-09-30 06:30:38,桃園,2026-09-30 06:00:00,3,2026-09-30 09:00:00,,,,False,16.13,17.0,52.97,29.0,RandomForestRegressor,HistGradientBoostingRegressor,14.0,50.0,2.129999999999999,2.129999999999999,3.0,3.0,普通,良好,0.0,2.969999999999999,2.969999999999999,-21.0,21.0,14.0
2026-09-30 09:31:26,桃園,2026-09-30 09:00:00,1,2026-09-30 10:00:00,,,,False,15.45,14.0,60.24,50.0,RandomForestRegressor,HistGradientBoostingRegressor,16.0,60.0,-0.5500000000000007,0.5500000000000007,-2.0,2.0,危害,普通,0.0,0.240000000000002,0.240000000000002,-10.0,10.0,16.0
2026-09-30 07:28:26,桃園,2026-09-30 07:00:00,3,2026-09-30 10:00:00,,,,False,14.76,15.0,49.98,27.0,RandomForestRegressor,HistGradientBoostingRegressor,16.0,60.0,-1.2400000000000002,1.2400000000000002,-1.0,1.0,良好,普通,0.0,-10.020000000000003,10.020000000000003,-33.0,33.0,16.0
2026-09-30 10:31:25,桃園,2026-09-30 10:00:00,1,2026-09-30 11:00:00,,,,False,14.89,16.0,66.99,60.0,RandomForestRegressor,HistGradientBoostingRegressor,18.0,79.0,-3.1099999999999994,3.1099999999999994,-2.0,2.0,良好,普通,0.0,-12.010000000000005,12.010000000000005,-19.0,19.0,18.0
2026-09-30 08:40:48,桃園,2026-09-30 08:00:00,3,2026-09-30 11:00:00,,,,False,15.91,19.0,71.1,38.0,RandomForestRegressor,HistGradientBoostingRegressor,18.0,79.0,-2.09,2.09,1.0,1.0,普通,普通,1.0,-7.900000000000006,7.900000000000006,-41.0,41.0,18.0
2026-09-30 11:32:34,桃園,2026-09-30 11:00:00,1,2026-09-30 12:00:00,,,,False,16.25,18.0,82.6,79.0,RandomForestRegressor,HistGradientBoostingRegressor,20.0,94.0,-3.75,3.75,-2.0,2.0,普通,普通,1.0,-11.400000000000006,11.400000000000006,-15.0,15.0,20.0
2026-09-30 09:31:26,桃園,2026-09-30 09:00:00,3,2026-09-30 12:00:00,,,,False,15.56,14.0,80.25,50.0,RandomForestRegressor,HistGradientBoostingRegressor,20.0,94.0,-4.4399999999999995,4.4399999999999995,-6.0,6.0,普通,普通,1.0,-13.75,13.75,-44.0,44.0,20.0
2026-09-30 12:32:59,桃園,2026-09-30 12:00:00,1,2026-09-30 13:00:00,,,,False,18.02,20.0,94.53,94.0,RandomForestRegressor,HistGradientBoostingRegressor,16.0,94.0,2.0199999999999996,2.0199999999999996,4.0,4.0,普通,普通,1.0,0.5300000000000011,0.5300000000000011,0.0,0.0,16.0
2026-09-30 10:31:25,桃園,2026-09-30 10:00:00,3,2026-09-30 13:00:00,,,,False,14.79,16.0,77.98,60.0,RandomForestRegressor,HistGradientBoostingRegressor,16.0,94.0,-1.2100000000000009,1.2100000000000009,0.0,0.0,良好,普通,0.0,-16.019999999999996,16.019999999999996,-34.0,34.0,16.0
2026-09-30 13:31:59,桃園,2026-09-30 13:00:00,1,2026-09-30 14:00:00,,,,False,15.93,16.0,87.42,94.0,RandomForestRegressor,HistGradientBoostingRegressor,14.0,83.0,1.9299999999999997,1.9299999999999997,2.0,2.0,普通,良好,0.0,4.420000000000002,4.420000000000002,11.0,11.0,14.0
2026-09-30 11:32:34,桃園,2026-09-30 11:00:00,3,2026-09-30 14:00:00,,,,False,15.7,18.0,75.87,79.0,RandomForestRegressor,HistGradientBoostingRegressor,14.0,83.0,1.6999999999999993,1.6999999999999993,4.0,4.0,普通,良好,0.0,-7.1299999999999955,7.1299999999999955,-4.0,4.0,14.0
2026-09-30 14:38:33,桃園,2026-09-30 14:00:00,1,2026-09-30 15:00:00,,,,False,15.23,14.0,78.99,83.0,RandomForestRegressor,HistGradientBoostingRegressor,16.0,71.0,-0.7699999999999996,0.7699999999999996,-2.0,2.0,良好,普通,0.0,7.989999999999995,7.989999999999995,12.0,12.0,16.0
2026-09-30 12:32:59,桃園,2026-09-30 12:00:00,3,2026-09-30 15:00:00,,,,False,16.99,20.0,76.42,94.0,RandomForestRegressor,HistGradientBoostingRegressor,16.0,71.0,0.9899999999999984,0.9899999999999984,4.0,4.0,普通,普通,1.0,5.420000000000002,5.420000000000002,23.0,23.0,16.0
2026-09-30 15:34:23,桃園,2026-09-30 15:00:00,1,2026-09-30 16:00:00,,,,False,13.39,16.0,57.05,71.0,RandomForestRegressor,HistGradientBoostingRegressor,14.0,68.0,-0.6099999999999994,0.6099999999999994,2.0,2.0,良好,良好,1.0,-10.950000000000003,10.950000000000003,3.0,3.0,14.0
2026-09-30 13:31:59,桃園,2026-09-30 13:00:00,3,2026-09-30 16:00:00,,,,False,15.59,16.0,59.34,94.0,RandomForestRegressor,HistGradientBoostingRegressor,14.0,68.0,1.5899999999999999,1.5899999999999999,2.0,2.0,普通,良好,0.0,-8.659999999999997,8.659999999999997,26.0,26.0,14.0
2026-09-30 16:35:26,桃園,2026-09-30 16:00:00,1,2026-09-30 17:00:00,,,,False,15.03,14.0,60.47,68.0,RandomForestRegressor,HistGradientBoostingRegressor,20.0,79.0,-4.970000000000001,4.970000000000001,-6.0,6.0,良好,普通,0.0,-18.53,18.53,-11.0,11.0,20.0
2026-09-30 14:38:33,桃園,2026-09-30 14:00:00,3,2026-09-30 17:00:00,,,,False,14.95,14.0,55.58,83.0,RandomForestRegressor,HistGradientBoostingRegressor,20.0,79.0,-5.050000000000001,5.050000000000001,-6.0,6.0,良好,普通,0.0,-23.42,23.42,4.0,4.0,20.0
2026-09-30 17:33:34,桃園,2026-09-30 17:00:00,1,2026-09-30 18:00:00,,,,False,17.74,20.0,72.76,79.0,RandomForestRegressor,HistGradientBoostingRegressor,27.0,80.0,-9.260000000000002,9.260000000000002,-7.0,7.0,普通,普通,1.0,-7.239999999999995,7.239999999999995,-1.0,1.0,27.0
2026-09-30 15:34:23,桃園,2026-09-30 15:00:00,3,2026-09-30 18:00:00,,,,False,14.57,16.0,47.33,71.0,RandomForestRegressor,HistGradientBoostingRegressor,27.0,80.0,-12.43,12.43,-11.0,11.0,良好,普通,0.0,-32.67,32.67,-9.0,9.0,27.0
2026-09-30 18:33:25,桃園,2026-09-30 18:00:00,1,2026-09-30 19:00:00,,,,False,23.73,27.0,70.94,80.0,RandomForestRegressor,HistGradientBoostingRegressor,19.0,69.0,4.73,4.73,8.0,8.0,普通,普通,1.0,1.9399999999999977,1.9399999999999977,11.0,11.0,19.0
2026-09-30 16:35:26,桃園,2026-09-30 16:00:00,3,2026-09-30 19:00:00,,,,False,14.54,14.0,47.42,68.0,RandomForestRegressor,HistGradientBoostingRegressor,19.0,69.0,-4.460000000000001,4.460000000000001,-5.0,5.0,良好,普通,0.0,-21.58,21.58,-1.0,1.0,19.0
2026-09-30 19:30:20,桃園,2026-09-30 19:00:00,1,2026-09-30 20:00:00,,,,False,18.89,19.0,61.87,69.0,RandomForestRegressor,HistGradientBoostingRegressor,26.0,66.0,-7.109999999999999,7.109999999999999,-7.0,7.0,普通,普通,1.0,-4.130000000000003,4.130000000000003,3.0,3.0,26.0
2026-09-30 17:33:34,桃園,2026-09-30 17:00:00,3,2026-09-30 20:00:00,,,,False,17.07,20.0,56.2,79.0,RandomForestRegressor,HistGradientBoostingRegressor,26.0,66.0,-8.93,8.93,-6.0,6.0,普通,普通,1.0,-9.799999999999997,9.799999999999997,13.0,13.0,26.0
2026-09-30 20:42:12,桃園,2026-09-30 20:00:00,1,2026-09-30 21:00:00,,,,False,21.96,26.0,59.55,66.0,RandomForestRegressor,HistGradientBoostingRegressor,29.0,61.0,-7.039999999999999,7.039999999999999,-3.0,3.0,普通,普通,1.0,-1.4500000000000028,1.4500000000000028,5.0,5.0,29.0
2026-09-30 18:33:25,桃園,2026-09-30 18:00:00,3,2026-09-30 21:00:00,,,,False,21.06,27.0,47.05,80.0,RandomForestRegressor,HistGradientBoostingRegressor,29.0,61.0,-7.940000000000001,7.940000000000001,-2.0,2.0,普通,普通,1.0,-13.950000000000003,13.950000000000003,19.0,19.0,29.0
2026-09-30 21:34:10,桃園,2026-09-30 21:00:00,1,2026-09-30 22:00:00,,,,False,25.82,29.0,54.28,61.0,RandomForestRegressor,HistGradientBoostingRegressor,26.0,61.0,-0.17999999999999972,0.17999999999999972,3.0,3.0,普通,普通,1.0,-6.719999999999999,6.719999999999999,0.0,0.0,26.0
2026-09-30 19:30:20,桃園,2026-09-30 19:00:00,3,2026-09-30 22:00:00,,,,False,19.57,19.0,44.66,69.0,RandomForestRegressor,HistGradientBoostingRegressor,26.0,61.0,-6.43,6.43,-7.0,7.0,普通,普通,1.0,-16.340000000000003,16.340000000000003,8.0,8.0,26.0
2026-09-30 22:36:30,桃園,2026-09-30 22:00:00,1,2026-09-30 23:00:00,,,,False,26.85,26.0,55.02,61.0,RandomForestRegressor,HistGradientBoostingRegressor,32.0,57.0,-5.149999999999999,5.149999999999999,-6.0,6.0,普通,普通,1.0,-1.9799999999999969,1.9799999999999969,4.0,4.0,32.0
2026-09-30 20:42:12,桃園,2026-09-30 20:00:00,3,2026-09-30 23:00:00,,,,False,21.65,26.0,42.49,66.0,RandomForestRegressor,HistGradientBoostingRegressor,32.0,57.0,-10.350000000000001,10.350000000000001,-6.0,6.0,普通,普通,1.0,-14.509999999999998,14.509999999999998,9.0,9.0,32.0
2026-09-30 23:36:00,桃園,2026-09-30 23:00:00,1,2026-10-01 00:00:00,,,,False,31.61,32.0,52.66,57.0,RandomForestRegressor,HistGradientBoostingRegressor,25.0,56.0,6.609999999999999,6.609999999999999,7.0,7.0,普通,普通,1.0,-3.3400000000000034,3.3400000000000034,1.0,1.0,25.0
2026-09-30 21:34:10,桃園,2026-09-30 21:00:00,3,2026-10-01 00:00:00,,,,False,22.61,29.0,43.42,61.0,RandomForestRegressor,HistGradientBoostingRegressor,25.0,56.0,-2.3900000000000006,2.3900000000000006,4.0,4.0,普通,普通,1.0,-12.579999999999998,12.579999999999998,5.0,5.0,25.0
2026-10-01 00:34:41,桃園,2026-10-01 00:00:00,1,2026-10-01 01:00:00,,,,False,26.17,25.0,50.83,56.0,RandomForestRegressor,HistGradientBoostingRegressor,29.0,55.0,-2.8299999999999983,2.8299999999999983,-4.0,4.0,普通,普通,1.0,-4.170000000000002,4.170000000000002,1.0,1.0,29.0
2026-09-30 22:36:30,桃園,2026-09-30 22:00:00,3,2026-10-01 01:00:00,,,,False,22.91,26.0,43.62,61.0,RandomForestRegressor,HistGradientBoostingRegressor,29.0,55.0,-6.09,6.09,-3.0,3.0,普通,普通,1.0,-11.380000000000003,11.380000000000003,6.0,6.0,29.0
2026-10-01 01:31:53,桃園,2026-10-01 01:00:00,1,2026-10-01 02:00:00,,,,False,28.71,29.0,50.83,55.0,RandomForestRegressor,HistGradientBoostingRegressor,31.0,46.0,-2.289999999999999,2.289999999999999,-2.0,2.0,普通,普通,1.0,4.829999999999998,4.829999999999998,9.0,9.0,31.0
2026-09-30 23:36:00,桃園,2026-09-30 23:00:00,3,2026-10-01 02:00:00,,,,False,25.64,32.0,44.36,57.0,RandomForestRegressor,HistGradientBoostingRegressor,31.0,46.0,-5.359999999999999,5.359999999999999,1.0,1.0,普通,普通,1.0,-1.6400000000000006,1.6400000000000006,11.0,11.0,31.0
2026-10-01 02:35:26,桃園,2026-10-01 02:00:00,1,2026-10-01 03:00:00,,,,False,27.61,31.0,42.78,46.0,RandomForestRegressor,HistGradientBoostingRegressor,23.0,41.0,4.609999999999999,4.609999999999999,8.0,8.0,普通,普通,1.0,1.7800000000000011,1.7800000000000011,5.0,5.0,23.0
2026-10-01 00:34:41,桃園,2026-10-01 00:00:00,3,2026-10-01 03:00:00,,,,False,23.56,25.0,47.54,56.0,RandomForestRegressor,HistGradientBoostingRegressor,23.0,41.0,0.5599999999999987,0.5599999999999987,2.0,2.0,普通,普通,1.0,6.539999999999999,6.539999999999999,15.0,15.0,23.0
2026-10-01 03:31:31,桃園,2026-10-01 03:00:00,1,2026-10-01 04:00:00,,,,False,19.81,23.0,37.9,41.0,RandomForestRegressor,HistGradientBoostingRegressor,21.0,38.0,-1.1900000000000013,1.1900000000000013,2.0,2.0,普通,普通,1.0,-0.10000000000000142,0.10000000000000142,3.0,3.0,21.0
2026-10-01 01:31:53,桃園,2026-10-01 01:00:00,3,2026-10-01 04:00:00,,,,False,24.71,29.0,44.1,55.0,RandomForestRegressor,HistGradientBoostingRegressor,21.0,38.0,3.710000000000001,3.710000000000001,8.0,8.0,普通,普通,1.0,6.100000000000001,6.100000000000001,17.0,17.0,21.0
2026-10-01 04:31:52,桃園,2026-10-01 04:00:00,1,2026-10-01 05:00:00,,,,False,20.26,21.0,35.26,38.0,RandomForestRegressor,HistGradientBoostingRegressor,20.0,32.0,0.26000000000000156,0.26000000000000156,1.0,1.0,普通,普通,1.0,3.259999999999998,3.259999999999998,6.0,6.0,20.0
2026-10-01 02:35:26,桃園,2026-10-01 02:00:00,3,2026-10-01 05:00:00,,,,False,22.86,31.0,38.66,46.0,RandomForestRegressor,HistGradientBoostingRegressor,20.0,32.0,2.8599999999999994,2.8599999999999994,11.0,11.0,普通,普通,1.0,6.659999999999997,6.659999999999997,14.0,14.0,20.0
2026-10-01 05:32:23,桃園,2026-10-01 05:00:00,1,2026-10-01 06:00:00,,,,False,17.02,20.0,31.42,32.0,RandomForestRegressor,HistGradientBoostingRegressor,19.0,32.0,-1.9800000000000004,1.9800000000000004,1.0,1.0,普通,普通,1.0,-0.5799999999999983,0.5799999999999983,0.0,0.0,19.0
2026-10-01 03:31:31,桃園,2026-10-01 03:00:00,3,2026-10-01 06:00:00,,,,False,19.03,23.0,35.1,41.0,RandomForestRegressor,HistGradientBoostingRegressor,19.0,32.0,0.030000000000001137,0.030000000000001137,4.0,4.0,普通,普通,1.0,3.1000000000000014,3.1000000000000014,9.0,9.0,19.0
2026-10-01 06:31:54,桃園,2026-10-01 06:00:00,1,2026-10-01 07:00:00,,,,False,19.41,19.0,35.47,32.0,RandomForestRegressor,HistGradientBoostingRegressor,21.0,35.0,-1.5899999999999999,1.5899999999999999,-2.0,2.0,普通,普通,1.0,0.46999999999999886,0.46999999999999886,-3.0,3.0,21.0
2026-10-01 04:31:52,桃園,2026-10-01 04:00:00,3,2026-10-01 07:00:00,,,,False,19.17,21.0,38.31,38.0,RandomForestRegressor,HistGradientBoostingRegressor,21.0,35.0,-1.8299999999999983,1.8299999999999983,0.0,0.0,普通,普通,1.0,3.3100000000000023,3.3100000000000023,3.0,3.0,21.0
2026-10-01 07:29:30,桃園,2026-10-01 07:00:00,1,2026-10-01 08:00:00,,,,False,20.19,21.0,40.49,35.0,RandomForestRegressor,HistGradientBoostingRegressor,25.0,47.0,-4.809999999999999,4.809999999999999,-4.0,4.0,普通,普通,1.0,-6.509999999999998,6.509999999999998,-12.0,12.0,25.0
2026-10-01 05:32:23,桃園,2026-10-01 05:00:00,3,2026-10-01 08:00:00,,,,False,17.72,20.0,40.97,32.0,RandomForestRegressor,HistGradientBoostingRegressor,25.0,47.0,-7.280000000000001,7.280000000000001,-5.0,5.0,普通,普通,1.0,-6.030000000000001,6.030000000000001,-15.0,15.0,25.0
2026-10-01 08:42:14,桃園,2026-10-01 08:00:00,1,2026-10-01 09:00:00,,,,False,23.47,25.0,55.52,47.0,RandomForestRegressor,HistGradientBoostingRegressor,35.0,49.0,-11.530000000000001,11.530000000000001,-10.0,10.0,普通,普通,1.0,6.520000000000003,6.520000000000003,-2.0,2.0,35.0
2026-10-01 06:31:54,桃園,2026-10-01 06:00:00,3,2026-10-01 09:00:00,,,,False,17.94,19.0,46.65,32.0,RandomForestRegressor,HistGradientBoostingRegressor,35.0,49.0,-17.06,17.06,-16.0,16.0,普通,普通,1.0,-2.3500000000000014,2.3500000000000014,-17.0,17.0,35.0
2026-10-01 09:31:35,桃園,2026-10-01 09:00:00,1,2026-10-01 10:00:00,,,,False,34.18,35.0,55.25,49.0,RandomForestRegressor,HistGradientBoostingRegressor,30.0,63.0,4.18,4.18,5.0,5.0,普通,普通,1.0,-7.75,7.75,-14.0,14.0,30.0
2026-10-01 07:29:30,桃園,2026-10-01 07:00:00,3,2026-10-01 10:00:00,,,,False,18.85,21.0,64.47,35.0,RandomForestRegressor,HistGradientBoostingRegressor,30.0,63.0,-11.149999999999999,11.149999999999999,-9.0,9.0,普通,普通,1.0,1.4699999999999989,1.4699999999999989,-28.0,28.0,30.0
2026-10-01 10:31:27,桃園,2026-10-01 10:00:00,1,2026-10-01 11:00:00,,,,False,27.41,30.0,71.19,63.0,RandomForestRegressor,HistGradientBoostingRegressor,36.0,85.0,-8.59,8.59,-6.0,6.0,普通,對敏感族群不健康,0.0,-13.810000000000002,13.810000000000002,-22.0,22.0,36.0
2026-10-01 08:42:14,桃園,2026-10-01 08:00:00,3,2026-10-01 11:00:00,,,,False,19.23,25.0,68.92,47.0,RandomForestRegressor,HistGradientBoostingRegressor,36.0,85.0,-16.77,16.77,-11.0,11.0,普通,對敏感族群不健康,0.0,-16.08,16.08,-38.0,38.0,36.0
2026-10-01 11:33:31,桃園,2026-10-01 11:00:00,1,2026-10-01 12:00:00,,,,False,35.31,36.0,91.64,85.0,RandomForestRegressor,HistGradientBoostingRegressor,34.0,92.0,1.3100000000000023,1.3100000000000023,2.0,2.0,普通,普通,1.0,-0.35999999999999943,0.35999999999999943,-7.0,7.0,34.0
2026-10-01 09:31:35,桃園,2026-10-01 09:00:00,3,2026-10-01 12:00:00,,,,False,28.0,35.0,70.35,49.0,RandomForestRegressor,HistGradientBoostingRegressor,34.0,92.0,-6.0,6.0,1.0,1.0,普通,普通,1.0,-21.650000000000006,21.650000000000006,-43.0,43.0,34.0
2026-10-01 12:33:57,桃園,2026-10-01 12:00:00,1,2026-10-01 13:00:00,,,,False,33.5,34.0,90.8,92.0,RandomForestRegressor,HistGradientBoostingRegressor,36.0,102.0,-2.5,2.5,-2.0,2.0,普通,對敏感族群不健康,0.0,-11.200000000000003,11.200000000000003,-10.0,10.0,36.0
2026-10-01 10:31:27,桃園,2026-10-01 10:00:00,3,2026-10-01 13:00:00,,,,False,22.22,30.0,74.68,63.0,RandomForestRegressor,HistGradientBoostingRegressor,36.0,102.0,-13.780000000000001,13.780000000000001,-6.0,6.0,普通,對敏感族群不健康,0.0,-27.319999999999993,27.319999999999993,-39.0,39.0,36.0
2026-10-01 13:32:15,桃園,2026-10-01 13:00:00,1,2026-10-01 14:00:00,,,,False,33.57,36.0,90.31,102.0,RandomForestRegressor,HistGradientBoostingRegressor,29.0,99.0,4.57,4.57,7.0,7.0,普通,普通,1.0,-8.689999999999998,8.689999999999998,3.0,3.0,29.0
2026-10-01 11:33:31,桃園,2026-10-01 11:00:00,3,2026-10-01 14:00:00,,,,False,27.21,36.0,89.28,85.0,RandomForestRegressor,HistGradientBoostingRegressor,29.0,99.0,-1.7899999999999991,1.7899999999999991,7.0,7.0,普通,普通,1.0,-9.719999999999999,9.719999999999999,-14.0,14.0,29.0
2026-10-01 14:41:39,桃園,2026-10-01 14:00:00,1,2026-10-01 15:00:00,,,,False,26.94,29.0,88.41,99.0,RandomForestRegressor,HistGradientBoostingRegressor,26.0,97.0,0.9400000000000013,0.9400000000000013,3.0,3.0,普通,普通,1.0,-8.590000000000003,8.590000000000003,2.0,2.0,26.0
2026-10-01 12:33:57,桃園,2026-10-01 12:00:00,3,2026-10-01 15:00:00,,,,False,22.98,34.0,82.94,92.0,RandomForestRegressor,HistGradientBoostingRegressor,26.0,97.0,-3.0199999999999996,3.0199999999999996,8.0,8.0,普通,普通,1.0,-14.060000000000002,14.060000000000002,-5.0,5.0,26.0
2026-10-01 15:34:40,桃園,2026-10-01 15:00:00,1,2026-10-01 16:00:00,,,,False,25.16,26.0,83.48,97.0,RandomForestRegressor,HistGradientBoostingRegressor,25.0,85.0,0.16000000000000014,0.16000000000000014,1.0,1.0,普通,普通,1.0,-1.519999999999996,1.519999999999996,12.0,12.0,25.0
2026-10-01 13:32:15,桃園,2026-10-01 13:00:00,3,2026-10-01 16:00:00,,,,False,22.67,36.0,77.82,102.0,RandomForestRegressor,HistGradientBoostingRegressor,25.0,85.0,-2.3299999999999983,2.3299999999999983,11.0,11.0,普通,普通,1.0,-7.180000000000007,7.180000000000007,17.0,17.0,25.0
2026-10-01 16:36:06,桃園,2026-10-01 16:00:00,1,2026-10-01 17:00:00,,,,False,25.12,25.0,76.21,85.0,RandomForestRegressor,HistGradientBoostingRegressor,29.0,72.0,-3.879999999999999,3.879999999999999,-4.0,4.0,普通,普通,1.0,4.209999999999994,4.209999999999994,13.0,13.0,29.0
2026-10-01 14:41:39,桃園,2026-10-01 14:00:00,3,2026-10-01 17:00:00,,,,False,22.13,29.0,72.64,99.0,RandomForestRegressor,HistGradientBoostingRegressor,29.0,72.0,-6.870000000000001,6.870000000000001,0.0,0.0,普通,普通,1.0,0.6400000000000006,0.6400000000000006,27.0,27.0,29.0
2026-10-01 17:34:39,桃園,2026-10-01 17:00:00,1,2026-10-01 18:00:00,,,,False,24.15,29.0,59.91,72.0,RandomForestRegressor,HistGradientBoostingRegressor,20.0,63.0,4.149999999999999,4.149999999999999,9.0,9.0,普通,普通,1.0,-3.0900000000000034,3.0900000000000034,9.0,9.0,20.0
2026-10-01 15:34:40,桃園,2026-10-01 15:00:00,3,2026-10-01 18:00:00,,,,False,19.83,26.0,63.16,97.0,RandomForestRegressor,HistGradientBoostingRegressor,20.0,63.0,-0.1700000000000017,0.1700000000000017,6.0,6.0,普通,普通,1.0,0.1599999999999966,0.1599999999999966,34.0,34.0,20.0
2026-10-01 18:33:47,桃園,2026-10-01 18:00:00,1,2026-10-01 19:00:00,,,,False,16.69,20.0,57.1,63.0,RandomForestRegressor,HistGradientBoostingRegressor,24.0,63.0,-7.309999999999999,7.309999999999999,-4.0,4.0,普通,普通,1.0,-5.899999999999999,5.899999999999999,0.0,0.0,24.0
2026-10-01 16:36:06,桃園,2026-10-01 16:00:00,3,2026-10-01 19:00:00,,,,False,20.14,25.0,57.49,85.0,RandomForestRegressor,HistGradientBoostingRegressor,24.0,63.0,-3.8599999999999994,3.8599999999999994,1.0,1.0,普通,普通,1.0,-5.509999999999998,5.509999999999998,22.0,22.0,24.0
2026-10-01 19:32:10,桃園,2026-10-01 19:00:00,1,2026-10-01 20:00:00,,,,False,20.93,24.0,58.16,63.0,RandomForestRegressor,HistGradientBoostingRegressor,25.0,64.0,-4.07,4.07,-1.0,1.0,普通,普通,1.0,-5.840000000000003,5.840000000000003,-1.0,1.0,25.0
2026-10-01 17:34:39,桃園,2026-10-01 17:00:00,3,2026-10-01 20:00:00,,,,False,21.78,29.0,51.33,72.0,RandomForestRegressor,HistGradientBoostingRegressor,25.0,64.0,-3.219999999999999,3.219999999999999,4.0,4.0,普通,普通,1.0,-12.670000000000002,12.670000000000002,8.0,8.0,25.0
2026-10-01 20:40:21,桃園,2026-10-01 20:00:00,1,2026-10-01 21:00:00,,,,False,19.43,25.0,60.0,64.0,RandomForestRegressor,HistGradientBoostingRegressor,24.0,61.0,-4.57,4.57,1.0,1.0,普通,普通,1.0,-1.0,1.0,3.0,3.0,24.0
2026-10-01 18:33:47,桃園,2026-10-01 18:00:00,3,2026-10-01 21:00:00,,,,False,17.19,20.0,46.62,63.0,RandomForestRegressor,HistGradientBoostingRegressor,24.0,61.0,-6.809999999999999,6.809999999999999,-4.0,4.0,普通,普通,1.0,-14.380000000000003,14.380000000000003,2.0,2.0,24.0
2026-10-01 21:36:11,桃園,2026-10-01 21:00:00,1,2026-10-01 22:00:00,,,,False,21.95,24.0,56.78,61.0,RandomForestRegressor,HistGradientBoostingRegressor,13.0,54.0,8.95,8.95,11.0,11.0,普通,良好,0.0,2.780000000000001,2.780000000000001,7.0,7.0,13.0
2026-10-01 19:32:10,桃園,2026-10-01 19:00:00,3,2026-10-01 22:00:00,,,,False,18.74,24.0,45.62,63.0,RandomForestRegressor,HistGradientBoostingRegressor,13.0,54.0,5.739999999999998,5.739999999999998,11.0,11.0,普通,良好,0.0,-8.380000000000003,8.380000000000003,9.0,9.0,13.0
2026-10-01 22:36:10,桃園,2026-10-01 22:00:00,1,2026-10-01 23:00:00,,,,False,16.25,13.0,48.25,54.0,RandomForestRegressor,HistGradientBoostingRegressor,19.0,60.0,-2.75,2.75,-6.0,6.0,普通,普通,1.0,-11.75,11.75,-6.0,6.0,19.0
2026-10-01 20:40:21,桃園,2026-10-01 20:00:00,3,2026-10-01 23:00:00,,,,False,18.14,25.0,50.49,64.0,RandomForestRegressor,HistGradientBoostingRegressor,19.0,60.0,-0.8599999999999994,0.8599999999999994,6.0,6.0,普通,普通,1.0,-9.509999999999998,9.509999999999998,4.0,4.0,19.0
2026-10-01 23:34:36,桃園,2026-10-01 23:00:00,1,2026-10-02 00:00:00,,,,False,16.56,19.0,58.13,60.0,RandomForestRegressor,HistGradientBoostingRegressor,18.0,65.0,-1.4400000000000013,1.4400000000000013,1.0,1.0,普通,普通,1.0,-6.869999999999997,6.869999999999997,-5.0,5.0,18.0
2026-10-01 21:36:11,桃園,2026-10-01 21:00:00,3,2026-10-02 00:00:00,,,,False,20.15,24.0,49.4,61.0,RandomForestRegressor,HistGradientBoostingRegressor,18.0,65.0,2.1499999999999986,2.1499999999999986,6.0,6.0,普通,普通,1.0,-15.600000000000001,15.600000000000001,-4.0,4.0,18.0
2026-10-02 00:32:24,桃園,2026-10-02 00:00:00,1,2026-10-02 01:00:00,,,,False,16.98,18.0,61.9,65.0,RandomForestRegressor,HistGradientBoostingRegressor,24.0,59.0,-7.02,7.02,-6.0,6.0,普通,普通,1.0,2.8999999999999986,2.8999999999999986,6.0,6.0,24.0
2026-10-01 22:36:10,桃園,2026-10-01 22:00:00,3,2026-10-02 01:00:00,,,,False,15.04,13.0,44.61,54.0,RandomForestRegressor,HistGradientBoostingRegressor,24.0,59.0,-8.96,8.96,-11.0,11.0,良好,普通,0.0,-14.39,14.39,-5.0,5.0,24.0
2026-10-02 01:32:54,桃園,2026-10-02 01:00:00,1,2026-10-02 02:00:00,,,,False,18.72,24.0,55.88,59.0,RandomForestRegressor,HistGradientBoostingRegressor,13.0,49.0,5.719999999999999,5.719999999999999,11.0,11.0,普通,良好,0.0,6.880000000000003,6.880000000000003,10.0,10.0,13.0
2026-10-01 23:34:36,桃園,2026-10-01 23:00:00,3,2026-10-02 02:00:00,,,,False,16.53,19.0,53.32,60.0,RandomForestRegressor,HistGradientBoostingRegressor,13.0,49.0,3.530000000000001,3.530000000000001,6.0,6.0,普通,良好,0.0,4.32,4.32,11.0,11.0,13.0
2026-10-02 02:38:15,桃園,2026-10-02 02:00:00,1,2026-10-02 03:00:00,,,,False,13.14,13.0,44.97,49.0,RandomForestRegressor,HistGradientBoostingRegressor,10.0,42.0,3.1400000000000006,3.1400000000000006,3.0,3.0,良好,良好,1.0,2.969999999999999,2.969999999999999,7.0,7.0,10.0
2026-10-02 00:32:24,桃園,2026-10-02 00:00:00,3,2026-10-02 03:00:00,,,,False,15.71,18.0,59.52,65.0,RandomForestRegressor,HistGradientBoostingRegressor,10.0,42.0,5.710000000000001,5.710000000000001,8.0,8.0,普通,良好,0.0,17.520000000000003,17.520000000000003,23.0,23.0,10.0
2026-10-02 03:32:29,桃園,2026-10-02 03:00:00,1,2026-10-02 04:00:00,,,,False,9.73,10.0,39.21,42.0,RandomForestRegressor,HistGradientBoostingRegressor,9.0,41.0,0.7300000000000004,0.7300000000000004,1.0,1.0,良好,良好,1.0,-1.7899999999999991,1.7899999999999991,1.0,1.0,9.0
2026-10-02 01:32:54,桃園,2026-10-02 01:00:00,3,2026-10-02 04:00:00,,,,False,17.89,24.0,51.92,59.0,RandomForestRegressor,HistGradientBoostingRegressor,9.0,41.0,8.89,8.89,15.0,15.0,普通,良好,0.0,10.920000000000002,10.920000000000002,18.0,18.0,9.0
2026-10-02 04:34:35,桃園,2026-10-02 04:00:00,1,2026-10-02 05:00:00,,,,False,9.52,9.0,40.19,41.0,RandomForestRegressor,HistGradientBoostingRegressor,9.0,45.0,0.5199999999999996,0.5199999999999996,0.0,0.0,良好,良好,1.0,-4.810000000000002,4.810000000000002,-4.0,4.0,9.0
2026-10-02 02:38:15,桃園,2026-10-02 02:00:00,3,2026-10-02 05:00:00,,,,False,12.88,13.0,40.14,49.0,RandomForestRegressor,HistGradientBoostingRegressor,9.0,45.0,3.880000000000001,3.880000000000001,4.0,4.0,良好,良好,1.0,-4.859999999999999,4.859999999999999,4.0,4.0,9.0
2026-10-02 05:31:48,桃園,2026-10-02 05:00:00,1,2026-10-02 06:00:00,,,,False,9.17,9.0,42.7,45.0,RandomForestRegressor,HistGradientBoostingRegressor,8.0,39.0,1.17,1.17,1.0,1.0,良好,良好,1.0,3.700000000000003,3.700000000000003,6.0,6.0,8.0
2026-10-02 03:32:29,桃園,2026-10-02 03:00:00,3,2026-10-02 06:00:00,,,,False,12.41,10.0,36.8,42.0,RandomForestRegressor,HistGradientBoostingRegressor,8.0,39.0,4.41,4.41,2.0,2.0,良好,良好,1.0,-2.200000000000003,2.200000000000003,3.0,3.0,8.0
2026-10-02 06:29:40,桃園,2026-10-02 06:00:00,1,2026-10-02 07:00:00,,,,False,8.77,8.0,38.64,39.0,RandomForestRegressor,HistGradientBoostingRegressor,9.0,46.0,-0.23000000000000043,0.23000000000000043,-1.0,1.0,良好,良好,1.0,-7.359999999999999,7.359999999999999,-7.0,7.0,9.0
2026-10-02 04:34:35,桃園,2026-10-02 04:00:00,3,2026-10-02 07:00:00,,,,False,9.62,9.0,38.22,41.0,RandomForestRegressor,HistGradientBoostingRegressor,9.0,46.0,0.6199999999999992,0.6199999999999992,0.0,0.0,良好,良好,1.0,-7.780000000000001,7.780000000000001,-5.0,5.0,9.0
2026-10-02 07:29:00,桃園,2026-10-02 07:00:00,1,2026-10-02 08:00:00,,,,False,9.52,9.0,46.09,46.0,RandomForestRegressor,HistGradientBoostingRegressor,11.0,45.0,-1.4800000000000004,1.4800000000000004,-2.0,2.0,良好,良好,1.0,1.0900000000000034,1.0900000000000034,1.0,1.0,11.0
2026-10-02 05:31:48,桃園,2026-10-02 05:00:00,3,2026-10-02 08:00:00,,,,False,10.14,9.0,42.81,45.0,RandomForestRegressor,HistGradientBoostingRegressor,11.0,45.0,-0.8599999999999994,0.8599999999999994,-2.0,2.0,良好,良好,1.0,-2.1899999999999977,2.1899999999999977,0.0,0.0,11.0
2026-10-02 08:40:12,桃園,2026-10-02 08:00:00,1,2026-10-02 09:00:00,,,,False,11.14,11.0,47.33,45.0,RandomForestRegressor,HistGradientBoostingRegressor,13.0,52.0,-1.8599999999999994,1.8599999999999994,-2.0,2.0,良好,良好,1.0,-4.670000000000002,4.670000000000002,-7.0,7.0,13.0
2026-10-02 06:29:40,桃園,2026-10-02 06:00:00,3,2026-10-02 09:00:00,,,,False,8.85,8.0,43.74,39.0,RandomForestRegressor,HistGradientBoostingRegressor,13.0,52.0,-4.15,4.15,-5.0,5.0,良好,良好,1.0,-8.259999999999998,8.259999999999998,-13.0,13.0,13.0
2026-10-02 09:31:59,桃園,2026-10-02 09:00:00,1,2026-10-02 10:00:00,,,,False,12.4,13.0,54.89,52.0,RandomForestRegressor,HistGradientBoostingRegressor,13.0,55.0,-0.5999999999999996,0.5999999999999996,0.0,0.0,良好,良好,1.0,-0.10999999999999943,0.10999999999999943,-3.0,3.0,13.0
2026-10-02 07:29:00,桃園,2026-10-02 07:00:00,3,2026-10-02 10:00:00,,,,False,11.0,9.0,50.72,46.0,RandomForestRegressor,HistGradientBoostingRegressor,13.0,55.0,-2.0,2.0,-4.0,4.0,良好,良好,1.0,-4.280000000000001,4.280000000000001,-9.0,9.0,13.0
2026-10-02 10:30:34,桃園,2026-10-02 10:00:00,1,2026-10-02 11:00:00,,,,False,12.66,13.0,55.33,55.0,RandomForestRegressor,HistGradientBoostingRegressor,12.0,60.0,0.6600000000000001,0.6600000000000001,1.0,1.0,良好,良好,1.0,-4.670000000000002,4.670000000000002,-5.0,5.0,12.0
2026-10-02 08:40:12,桃園,2026-10-02 08:00:00,3,2026-10-02 11:00:00,,,,False,10.64,11.0,52.5,45.0,RandomForestRegressor,HistGradientBoostingRegressor,12.0,60.0,-1.3599999999999994,1.3599999999999994,-1.0,1.0,良好,良好,1.0,-7.5,7.5,-15.0,15.0,12.0
2026-10-02 11:33:06,桃園,2026-10-02 11:00:00,1,2026-10-02 12:00:00,,,,False,12.96,12.0,60.84,60.0,RandomForestRegressor,HistGradientBoostingRegressor,11.0,60.0,1.9600000000000009,1.9600000000000009,1.0,1.0,良好,良好,1.0,0.8400000000000034,0.8400000000000034,0.0,0.0,11.0
2026-10-02 09:31:59,桃園,2026-10-02 09:00:00,3,2026-10-02 12:00:00,,,,False,11.41,13.0,60.01,52.0,RandomForestRegressor,HistGradientBoostingRegressor,11.0,60.0,0.41000000000000014,0.41000000000000014,2.0,2.0,良好,良好,1.0,0.00999999999999801,0.00999999999999801,-8.0,8.0,11.0
2026-10-02 12:33:15,桃園,2026-10-02 12:00:00,1,2026-10-02 13:00:00,,,,False,11.69,11.0,59.8,60.0,RandomForestRegressor,HistGradientBoostingRegressor,9.0,59.0,2.6899999999999995,2.6899999999999995,2.0,2.0,良好,良好,1.0,0.7999999999999972,0.7999999999999972,1.0,1.0,9.0
2026-10-02 10:30:34,桃園,2026-10-02 10:00:00,3,2026-10-02 13:00:00,,,,False,11.82,13.0,59.68,55.0,RandomForestRegressor,HistGradientBoostingRegressor,9.0,59.0,2.8200000000000003,2.8200000000000003,4.0,4.0,良好,良好,1.0,0.6799999999999997,0.6799999999999997,-4.0,4.0,9.0
2026-10-02 13:31:45,桃園,2026-10-02 13:00:00,1,2026-10-02 14:00:00,,,,False,9.7,9.0,53.76,59.0,RandomForestRegressor,HistGradientBoostingRegressor,7.0,58.0,2.6999999999999993,2.6999999999999993,2.0,2.0,良好,良好,1.0,-4.240000000000002,4.240000000000002,1.0,1.0,7.0
2026-10-02 11:33:06,桃園,2026-10-02 11:00:00,3,2026-10-02 14:00:00,,,,False,12.28,12.0,58.73,60.0,RandomForestRegressor,HistGradientBoostingRegressor,7.0,58.0,5.279999999999999,5.279999999999999,5.0,5.0,良好,良好,1.0,0.7299999999999969,0.7299999999999969,2.0,2.0,7.0
2026-10-02 14:39:03,桃園,2026-10-02 14:00:00,1,2026-10-02 15:00:00,,,,False,8.57,7.0,53.92,58.0,RandomForestRegressor,HistGradientBoostingRegressor,11.0,57.0,-2.4299999999999997,2.4299999999999997,-4.0,4.0,良好,良好,1.0,-3.0799999999999983,3.0799999999999983,1.0,1.0,11.0
2026-10-02 12:33:15,桃園,2026-10-02 12:00:00,3,2026-10-02 15:00:00,,,,False,11.67,11.0,59.2,60.0,RandomForestRegressor,HistGradientBoostingRegressor,11.0,57.0,0.6699999999999999,0.6699999999999999,0.0,0.0,良好,良好,1.0,2.200000000000003,2.200000000000003,3.0,3.0,11.0
2026-10-02 15:33:26,桃園,2026-10-02 15:00:00,1,2026-10-02 16:00:00,,,,False,12.22,11.0,52.79,57.0,RandomForestRegressor,HistGradientBoostingRegressor,8.0,54.0,4.220000000000001,4.220000000000001,3.0,3.0,良好,良好,1.0,-1.2100000000000009,1.2100000000000009,3.0,3.0,8.0
2026-10-02 13:31:45,桃園,2026-10-02 13:00:00,3,2026-10-02 16:00:00,,,,False,10.32,9.0,51.98,59.0,RandomForestRegressor,HistGradientBoostingRegressor,8.0,54.0,2.3200000000000003,2.3200000000000003,1.0,1.0,良好,良好,1.0,-2.020000000000003,2.020000000000003,5.0,5.0,8.0
2026-10-02 16:34:26,桃園,2026-10-02 16:00:00,1,2026-10-02 17:00:00,,,,False,9.23,8.0,50.0,54.0,RandomForestRegressor,HistGradientBoostingRegressor,11.0,56.0,-1.7699999999999996,1.7699999999999996,-3.0,3.0,良好,良好,1.0,-6.0,6.0,-2.0,2.0,11.0
2026-10-02 14:39:03,桃園,2026-10-02 14:00:00,3,2026-10-02 17:00:00,,,,False,9.74,7.0,50.65,58.0,RandomForestRegressor,HistGradientBoostingRegressor,11.0,56.0,-1.2599999999999998,1.2599999999999998,-4.0,4.0,良好,良好,1.0,-5.350000000000001,5.350000000000001,2.0,2.0,11.0
2026-10-02 17:34:23,桃園,2026-10-02 17:00:00,1,2026-10-02 18:00:00,,,,False,11.39,11.0,50.93,56.0,RandomForestRegressor,HistGradientBoostingRegressor,12.0,55.0,-0.6099999999999994,0.6099999999999994,-1.0,1.0,良好,良好,1.0,-4.07,4.07,1.0,1.0,12.0
2026-10-02 15:33:26,桃園,2026-10-02 15:00:00,3,2026-10-02 18:00:00,,,,False,11.83,11.0,48.05,57.0,RandomForestRegressor,HistGradientBoostingRegressor,12.0,55.0,-0.16999999999999993,0.16999999999999993,-1.0,1.0,良好,良好,1.0,-6.950000000000003,6.950000000000003,2.0,2.0,12.0
2026-10-02 18:32:20,桃園,2026-10-02 18:00:00,1,2026-10-02 19:00:00,,,,False,11.62,12.0,49.9,55.0,RandomForestRegressor,HistGradientBoostingRegressor,12.0,54.0,-0.3800000000000008,0.3800000000000008,0.0,0.0,良好,良好,1.0,-4.100000000000001,4.100000000000001,1.0,1.0,12.0
2026-10-02 16:34:26,桃園,2026-10-02 16:00:00,3,2026-10-02 19:00:00,,,,False,9.37,8.0,46.14,54.0,RandomForestRegressor,HistGradientBoostingRegressor,12.0,54.0,-2.630000000000001,2.630000000000001,-4.0,4.0,良好,良好,1.0,-7.859999999999999,7.859999999999999,0.0,0.0,12.0
2026-10-02 19:31:37,桃園,2026-10-02 19:00:00,1,2026-10-02 20:00:00,,,,False,10.57,12.0,50.4,54.0,RandomForestRegressor,HistGradientBoostingRegressor,14.0,52.0,-3.4299999999999997,3.4299999999999997,-2.0,2.0,良好,良好,1.0,-1.6000000000000014,1.6000000000000014,2.0,2.0,14.0
2026-10-02 17:34:23,桃園,2026-10-02 17:00:00,3,2026-10-02 20:00:00,,,,False,11.7,11.0,48.29,56.0,RandomForestRegressor,HistGradientBoostingRegressor,14.0,52.0,-2.3000000000000007,2.3000000000000007,-3.0,3.0,良好,良好,1.0,-3.710000000000001,3.710000000000001,4.0,4.0,14.0
2026-10-02 20:38:56,桃園,2026-10-02 20:00:00,1,2026-10-02 21:00:00,,,,False,11.09,14.0,49.49,52.0,RandomForestRegressor,HistGradientBoostingRegressor,11.0,57.0,0.08999999999999986,0.08999999999999986,3.0,3.0,良好,良好,1.0,-7.509999999999998,7.509999999999998,-5.0,5.0,11.0
2026-10-02 18:32:20,桃園,2026-10-02 18:00:00,3,2026-10-02 21:00:00,,,,False,11.61,12.0,46.39,55.0,RandomForestRegressor,HistGradientBoostingRegressor,11.0,57.0,0.6099999999999994,0.6099999999999994,1.0,1.0,良好,良好,1.0,-10.61,10.61,-2.0,2.0,11.0
2026-10-02 21:34:46,桃園,2026-10-02 21:00:00,1,2026-10-02 22:00:00,,,,False,10.73,11.0,56.36,57.0,RandomForestRegressor,HistGradientBoostingRegressor,11.0,55.0,-0.2699999999999996,0.2699999999999996,0.0,0.0,良好,良好,1.0,1.3599999999999994,1.3599999999999994,2.0,2.0,11.0
2026-10-02 19:31:37,桃園,2026-10-02 19:00:00,3,2026-10-02 22:00:00,,,,False,11.31,12.0,47.3,54.0,RandomForestRegressor,HistGradientBoostingRegressor,11.0,55.0,0.3100000000000005,0.3100000000000005,1.0,1.0,良好,良好,1.0,-7.700000000000003,7.700000000000003,-1.0,1.0,11.0
2026-10-02 22:35:35,桃園,2026-10-02 22:00:00,1,2026-10-02 23:00:00,,,,False,10.87,11.0,51.95,55.0,RandomForestRegressor,HistGradientBoostingRegressor,8.0,55.0,2.869999999999999,2.869999999999999,3.0,3.0,良好,良好,1.0,-3.049999999999997,3.049999999999997,0.0,0.0,8.0
2026-10-02 20:38:56,桃園,2026-10-02 20:00:00,3,2026-10-02 23:00:00,,,,False,11.4,14.0,43.45,52.0,RandomForestRegressor,HistGradientBoostingRegressor,8.0,55.0,3.4000000000000004,3.4000000000000004,6.0,6.0,良好,良好,1.0,-11.549999999999997,11.549999999999997,-3.0,3.0,8.0
2026-10-02 23:34:52,桃園,2026-10-02 23:00:00,1,2026-10-03 00:00:00,,,,False,10.21,8.0,51.26,55.0,RandomForestRegressor,HistGradientBoostingRegressor,8.0,52.0,2.210000000000001,2.210000000000001,0.0,0.0,良好,良好,1.0,-0.740000000000002,0.740000000000002,3.0,3.0,8.0
2026-10-02 21:34:46,桃園,2026-10-02 21:00:00,3,2026-10-03 00:00:00,,,,False,10.94,11.0,52.6,57.0,RandomForestRegressor,HistGradientBoostingRegressor,8.0,52.0,2.9399999999999995,2.9399999999999995,3.0,3.0,良好,良好,1.0,0.6000000000000014,0.6000000000000014,5.0,5.0,8.0
2026-10-03 00:33:54,桃園,2026-10-03 00:00:00,1,2026-10-03 01:00:00,,,,False,9.69,8.0,50.29,52.0,RandomForestRegressor,HistGradientBoostingRegressor,8.0,58.0,1.6899999999999995,1.6899999999999995,0.0,0.0,良好,良好,1.0,-7.710000000000001,7.710000000000001,-6.0,6.0,8.0
2026-10-02 22:35:35,桃園,2026-10-02 22:00:00,3,2026-10-03 01:00:00,,,,False,10.39,11.0,50.23,55.0,RandomForestRegressor,HistGradientBoostingRegressor,8.0,58.0,2.3900000000000006,2.3900000000000006,3.0,3.0,良好,良好,1.0,-7.770000000000003,7.770000000000003,-3.0,3.0,8.0
2026-10-03 01:32:23,桃園,2026-10-03 01:00:00,1,2026-10-03 02:00:00,,,,False,9.05,8.0,58.26,58.0,RandomForestRegressor,HistGradientBoostingRegressor,9.0,,0.05000000000000071,0.05000000000000071,-1.0,1.0,良好,良好,1.0,,,,,9.0
2026-10-02 23:34:52,桃園,2026-10-02 23:00:00,3,2026-10-03 02:00:00,,,,False,9.96,8.0,47.93,55.0,RandomForestRegressor,HistGradientBoostingRegressor,9.0,,0.9600000000000009,0.9600000000000009,-1.0,1.0,良好,良好,1.0,,,,,9.0
2026-10-03 02:37:02,桃園,2026-10-03 02:00:00,1,2026-10-03 03:00:00,,,,False,9.47,9.0,52.61,58.0,RandomForestRegressor,HistGradientBoostingRegressor,14.0,51.0,-4.529999999999999,4.529999999999999,-5.0,5.0,良好,良好,1.0,1.6099999999999994,1.6099999999999994,7.0,7.0,14.0
2026-10-03 00:33:54,桃園,2026-10-03 00:00:00,3,2026-10-03 03:00:00,,,,False,8.72,8.0,45.09,52.0,RandomForestRegressor,HistGradientBoostingRegressor,14.0,51.0,-5.279999999999999,5.279999999999999,-6.0,6.0,良好,良好,1.0,-5.909999999999997,5.909999999999997,1.0,1.0,14.0
2026-10-03 03:32:40,桃園,2026-10-03 03:00:00,1,2026-10-03 04:00:00,,,,False,12.33,14.0,51.57,51.0,RandomForestRegressor,HistGradientBoostingRegressor,13.0,57.0,-0.6699999999999999,0.6699999999999999,1.0,1.0,良好,良好,1.0,-5.43,5.43,-6.0,6.0,13.0
2026-10-03 01:32:23,桃園,2026-10-03 01:00:00,3,2026-10-03 04:00:00,,,,False,9.45,8.0,53.37,58.0,RandomForestRegressor,HistGradientBoostingRegressor,13.0,57.0,-3.5500000000000007,3.5500000000000007,-5.0,5.0,良好,良好,1.0,-3.6300000000000026,3.6300000000000026,1.0,1.0,13.0
2026-10-03 04:31:01,桃園,2026-10-03 04:00:00,1,2026-10-03 05:00:00,,,,False,12.16,13.0,58.02,57.0,RandomForestRegressor,HistGradientBoostingRegressor,13.0,56.0,-0.8399999999999999,0.8399999999999999,0.0,0.0,良好,良好,1.0,2.020000000000003,2.020000000000003,1.0,1.0,13.0
2026-10-03 02:37:02,桃園,2026-10-03 02:00:00,3,2026-10-03 05:00:00,,,,False,10.03,9.0,48.69,58.0,RandomForestRegressor,HistGradientBoostingRegressor,13.0,56.0,-2.9700000000000006,2.9700000000000006,-4.0,4.0,良好,良好,1.0,-7.310000000000002,7.310000000000002,2.0,2.0,13.0
2026-10-03 05:31:29,桃園,2026-10-03 05:00:00,1,2026-10-03 06:00:00,,,,False,13.11,13.0,53.85,56.0,RandomForestRegressor,HistGradientBoostingRegressor,10.0,,3.1099999999999994,3.1099999999999994,3.0,3.0,良好,良好,1.0,,,,,10.0
2026-10-03 03:32:40,桃園,2026-10-03 03:00:00,3,2026-10-03 06:00:00,,,,False,11.2,14.0,49.72,51.0,RandomForestRegressor,HistGradientBoostingRegressor,10.0,,1.1999999999999993,1.1999999999999993,4.0,4.0,良好,良好,1.0,,,,,10.0
2026-10-03 06:31:00,桃園,2026-10-03 06:00:00,1,2026-10-03 07:00:00,,,,False,11.21,10.0,43.41,56.0,RandomForestRegressor,HistGradientBoostingRegressor,13.0,56.0,-1.7899999999999991,1.7899999999999991,-3.0,3.0,良好,良好,1.0,-12.590000000000003,12.590000000000003,0.0,0.0,13.0
2026-10-03 04:31:01,桃園,2026-10-03 04:00:00,3,2026-10-03 07:00:00,,,,False,11.51,13.0,59.54,57.0,RandomForestRegressor,HistGradientBoostingRegressor,13.0,56.0,-1.4900000000000002,1.4900000000000002,0.0,0.0,良好,良好,1.0,3.539999999999999,3.539999999999999,1.0,1.0,13.0
2026-10-03 07:28:25,桃園,2026-10-03 07:00:00,1,2026-10-03 08:00:00,,,,False,12.97,13.0,57.06,56.0,RandomForestRegressor,HistGradientBoostingRegressor,14.0,,-1.0299999999999994,1.0299999999999994,-1.0,1.0,良好,良好,1.0,,,,,14.0
2026-10-03 05:31:29,桃園,2026-10-03 05:00:00,3,2026-10-03 08:00:00,,,,False,12.44,13.0,60.52,56.0,RandomForestRegressor,HistGradientBoostingRegressor,14.0,,-1.5600000000000005,1.5600000000000005,-1.0,1.0,良好,良好,1.0,,,,,14.0
2026-10-03 08:38:43,桃園,2026-10-03 08:00:00,1,2026-10-03 09:00:00,,,,False,12.85,14.0,48.23,56.0,RandomForestRegressor,HistGradientBoostingRegressor,,,,,,,良好,無資料,,,,,,
2026-10-03 06:31:00,桃園,2026-10-03 06:00:00,3,2026-10-03 09:00:00,,,,False,11.04,10.0,47.47,56.0,RandomForestRegressor,HistGradientBoostingRegressor,,,,,,,良好,無資料,,,,,,
2026-10-03 07:28:25,桃園,2026-10-03 07:00:00,3,2026-10-03 10:00:00,,,,False,12.64,13.0,61.88,56.0,RandomForestRegressor,HistGradientBoostingRegressor,,,,,,,良好,無資料,,,,,,
2026-10-03 08:38:43,桃園,2026-10-03 08:00:00,3,2026-10-03 11:00:00,,,,False,11.78,14.0,49.92,56.0,RandomForestRegressor,HistGradientBoostingRegressor,,,,,,,良好,無資料,,,,,,
